{
	"BACK_LINK": "Оновити",
	"NO_SCRIPT_TITLE": "Для роботи додатку необхідний JavaScript.",
	"NO_SCRIPT_DESC": "Здається, JavaScript або не підтримується вашим браузером, або вимкнений.\nУвімкніть JavaScript, змінив налаштівання браузера, і спробуйте знову.\n",
	"NO_COOKIE_TITLE": "Для роботи додатку необхідні Cookie.",
	"NO_COOKIE_DESC": "Здається, Cookie або не підтримуються вашим браузером, або вимкнені.\nУвімкніть Cookie, змінив налаштівання браузера, і спробуйте знову.\n",
	"BAD_BROWSER_TITLE": "Ваш браузер застарів.",
	"BAD_BROWSER_DESC": "Щоб використовувати всі можливості додатку,\nзавантажте і встановіть один з цих браузерів\n"
}
