{
	"LANG_DIR": "ltr",
	"GLOBAL": {
		"TO_ARCHIVE": "Архівування",
		"ARE_YOU_SURE": "Ви впевнені?",
		"BACK": "Назад",
		"BCC": "Прихована копія",
		"CANCEL": "Відмінити",
		"CC": "Копія",
		"CLEAR": "Очистити",
		"CLOSE": "Закрити (Esc)",
		"CONTACTS": "Контакти",
		"DELETE": "Видалити",
		"UNDELETE": "Відновити",
		"DONE": "Зроблено",
		"EMAIL": "Пошта",
		"FROM": "Від",
		"LOADING": "Завантаження...",
		"LOGOUT": "Вийти",
		"MORE": "Ще",
		"MOVE_TO": "Перемістити",
		"COPY_TO": "Копіювати в",
		"NAME": "Ім'я",
		"NONE": "Нічого",
		"TO_SPAM": "Перемістити повідомлення у спам",
		"NOT_SPAM": "Не спам",
		"USERNAME": "Ім'я користувача",
		"PASSWORD": "Пароль",
		"REMEMBER": "Запам'ятати",
		"REPLY_TO": "Відповідь сюди",
		"SAVE": "Зберегти",
		"SAVE_CHANGES": "Зберегти зміни?",
		"SEARCH": "Пошук",
		"SPAM": "В спам",
		"SUBJECT": "Тема",
		"TEST": "Тест",
		"TO": "Кому",
		"SERVER_MESSAGE": "Повідомлення сервера",
		"YES": "Так",
		"NO": "Ні",
		"INACTIVE": "Не активне",
		"DEFAULT": "за замовчуванням",
		"HELP": "Допомога",
		"TEXT": "Текст",
		"ATTACHMENTS": "Файли"
	},
	"LOGIN": {
		"LABEL_LOGIN": "Логін",
		"LABEL_SIGN_ME": "Запам'ятати мене",
		"BUTTON_SIGN_IN": "Увійти"
	},
	"TOP_TOOLBAR": {
		"BUTTON_ADD_ACCOUNT": "Додати ще акаунт"
	},
	"SEARCH": {
		"TITLE_ADV": "Розширений пошук листів",
		"TEXT": "Текст",
		"HAS_ATTACHMENT": "З файлами",
		"FLAGGED": "Із зірочкою",
		"UNSEEN": "Непрочитані",
		"DATE": "Дата",
		"DATE_ALL": "За весь час",
		"BEFORE_3_DAYS": "Старше 3 днів",
		"BEFORE_7_DAYS": "Старше 1 тижня",
		"BEFORE_MONTH": "Старше 1 місяця",
		"BEFORE_3_MONTHS": "Старше 3 місяців",
		"BEFORE_6_MONTHS": "Старше 6 місяців",
		"BEFORE_YEAR": "Старше 1 року",
		"SINCE_3_DAYS": "За три дні",
		"SINCE_7_DAYS": "За тиждень",
		"SINCE_MONTH": "За місяць",
		"SINCE_3_MONTHS": "За 3 місяці",
		"SINCE_6_MONTHS": "За півроку",
		"SINCE_YEAR": "За рік",
		"SUBFOLDERS": "Підпапки",
		"SUBFOLDERS_NONE": "Нічого",
		"SUBFOLDERS_SUBTREE": "Усі",
		"SUBFOLDERS_SUBTREE_ONE": "Один рівень",
		"REPLIED": "Відповів",
		"KEYWORD": "Тег"
	},
	"FOLDER_LIST": {
		"BUTTON_COMPOSE": "Написати",
		"BUTTON_NEW_MESSAGE": "Новий лист",
		"INBOX_NAME": "Вхідні",
		"SENT_NAME": "Вихідні",
		"DRAFTS_NAME": "Чернетки",
		"TRASH_NAME": "Кошик",
		"ARCHIVE_NAME": "Архів"
	},
	"IMAP": {
		"ACL_RIGHTS": "Права",
		"ACL_A": "Адмініструвати",
		"ACL_E": "Видалити",
		"ACL_I": "Вставте повідомлення",
		"ACL_K": "Створити вкладені папки",
		"ACL_L": "Показати повідомлення",
		"ACL_P": "Надіслати лист",
		"ACL_R": "Виберіть папку",
		"ACL_S": "\\ПЕРЕГЛЯНУТИ тег",
		"ACL_T": "\\ВИДАЛЕНО тег",
		"ACL_W": "Інші теги",
		"ACL_X": "Видалити\/Перейменувати папку"
	},
	"MESSAGE_LIST": {
		"BUTTON_RELOAD": "Оновити список листів",
		"BUTTON_EMPTY_FOLDER": "Очистити всю папку",
		"BUTTON_MULTY_FORWARD": "Переслати як вкладення",
		"BUTTON_DELETE_WITHOUT_MOVE": "Видалити повз кошик",
		"MENU_SET_SEEN": "Відмітити як прочитане",
		"MENU_SET_ALL_SEEN": "Відмітити всі як прочитані",
		"MENU_UNSET_SEEN": "Відмітити як непрочитане",
		"MENU_SET_FLAG": "Встановити зірочку",
		"MENU_UNSET_FLAG": "Зняти зірочку",
		"MENU_SELECT_ALL": "Все",
		"MENU_SELECT_INVERT": "Інвертувати",
		"MENU_SELECT_UNSEEN": "Непрочитані",
		"MENU_SELECT_SEEN": "Прочитані",
		"MENU_SELECT_FLAGGED": "Із Зірочкою",
		"MENU_SELECT_UNFLAGGED": "Без зірочки",
		"DOWNLOAD_ALL_ATTACHMENTS": "Завантажити всі вкладення",
		"EMPTY_LIST": "В папці немає листів.",
		"EMPTY_SEARCH_LIST": "Листи не знайдено.",
		"SEARCH_RESULT_FOR": "Результат пошуку \"%SEARCH%\"",
		"BACK_TO_MESSAGE_LIST": "повернутись до списку листів",
		"PUT_MESSAGE_HERE": "Киньте повідомлення сюди, щоб подивитися його в списку",
		"TODAY_AT": "сьогодні в %TIME%",
		"YESTERDAY_AT": "вчора в %TIME%",
		"NEW_MESSAGE_NOTIFICATION": "У вас %COUNT% нових повідомлень!",
		"QUOTA_SIZE": "Використано <strong>%SIZE% (%PROC%%)<\/strong> з <strong>%LIMIT%<\/strong>",
		"SORT": "Сортувати",
		"NO_SORT": "Поштовий сервер не підтримує сортування",
		"SORT_ARRIVAL_ASC": "Доставлено спершу старі",
		"SORT_ARRIVAL_DESC": "Доставлено спершу нові",
		"SORT_DATE_ASC": "Дата спершу старі",
		"SORT_DATE_DESC": "Дата спершу нові",
		"SORT_SIZE_ASC": "Розмір за зростанням",
		"SORT_SIZE_DESC": "Розмір за спаданням",
		"SORT_SUBJECT_ASC": "Тема А-Я",
		"SORT_SUBJECT_DESC": "Тема Я-А",
		"SORT_FROM_ASC": "Відправник А-Я",
		"SORT_FROM_DESC": "Відправник Я-A"
	},
	"MESSAGE": {
		"BUTTON_EDIT": "Редагувати",
		"BUTTON_UNSUBSCRIBE": "Відписатися",
		"BUTTON_REPLY": "Відповісти на Листа",
		"BUTTON_REPLY_ALL": "Відповісти Всім",
		"BUTTON_FORWARD": "Переслати",
		"BUTTON_FORWARD_AS_ATTACHMENT": "Переслати як файл",
		"BUTTON_EDIT_AS_NEW": "Редагувати як нове",
		"BUTTON_SHOW_IMAGES": "Показати зовнішні зображення в листі",
		"BUTTON_NOTIFY_READ_RECEIPT": "Сповістити відправника про прочитання цього повідомлення.",
		"BUTTON_IN_NEW_WINDOW": "В окремому вікні",
		"BUTTON_THREAD_LIST": "Листування",
		"BUTTON_THREAD_PREV": "Попереднє",
		"BUTTON_THREAD_NEXT": "Наступне",
		"BUTTON_THREAD_MORE": "ще листи",
		"MENU_HEADERS": "Подивитися заголовки",
		"MENU_VIEW_ORIGINAL": "Подивитися оригінал",
		"HTML_VIEW": "Переглянути HTML версію",
		"PLAIN_VIEW": "Переглянути текстову версію",
		"SWAP_COLORS": "Змінити стандартний (фоновий) колір",
		"MENU_DOWNLOAD_ORIGINAL": "Завантажити як .eml файл",
		"MENU_FILTER_SIMILAR": "Фільтрувати схожі",
		"MENU_PRINT": "Надрукувати",
		"EMPTY_SUBJECT_TEXT": "(Без теми)",
		"LABEL_DATE": "Дата",
		"LABEL_FROM_SHORT": "від",
		"LABEL_TO_SHORT": "кому",
		"PRINT_LABEL_ATTACHMENTS": "Файли",
		"MESSAGE_VIEW_DESC": "Виберіть повідомлення для перегляду.",
		"MESSAGE_VIEW_MOVE_DESC": "Клікніть на папку на лівій панелі, щоб вибрати місце призначення.",
		"LINK_DOWNLOAD_AS_ZIP": "Завантажити як zip",
		"SPAM_SCORE": "Оцінка спаму",
		"HAS_VIRUS_WARNING": "ПОПЕРЕДЖЕННЯ: виявлено вірус",
		"TAGS": "Теги",
		"NEW_TAG": "Новий тег",
		"ENABLE_TRACKING_LINKS": "Увімкнути відстеження посилань",
		"TRACKING_ENABLED": "Посилання тепер відстежуються при натисканні!"
	},
	"MESSAGE_TAGS": {
		"$important": "Важливе",
		"$todo": "Зробити",
		"$label1": "Важливе",
		"$label2": "Робота",
		"$label3": "Особисте",
		"$label4": "Зробити",
		"$label5": "Пізніше"
	},
	"READ_RECEIPT": {
		"SUBJECT": "Сповіщення про прочитання цього повідомлення - %SUBJECT%",
		"BODY": "Це сповіщення про прочитання для повідомлення, яке ви надіслали в адресу %READ-RECEIPT%.\n\nПримітка: Це сповіщення про прочитання означає лише, що повідомлення було відображено на машину отримувача.\nВоно не гарантує, що отримувач прочитав чи зрозумів зміст повідомлення.\n"
	},
	"SUGGESTIONS": {
		"SEARCHING_DESC": "Пошук..."
	},
	"CONTACTS": {
		"TAB_CONTACT": "Контакт",
		"TAB_LOCATIONS": "Розташування",
		"TAB_BUSINESS": "Організація",
		"LABEL_ORGANIZATION": "Компанія",
		"LABEL_DEPARTMENT": "Департамент",
		"LABEL_TITLE": "Назва",
		"TAB_CRYPTO": "Шифрування",
		"ASK": "Запитувати",
		"NEVER": "Ніколи",
		"ALWAYS": "Завжди",
		"ALWAYS_IF_POSSIBLE": "Завжди якщо можливо",
		"BUTTON_ADD_CONTACT": "Додати контакт",
		"BUTTON_CREATE_CONTACT": "Зберегти",
		"BUTTON_IMPORT": "Імпорт (csv, vcf, vCard)",
		"BUTTON_EXPORT_VCARD": "Експорт (vcf, vCard)",
		"BUTTON_EXPORT_CSV": "Експорт (csv)",
		"ERROR_IMPORT_FILE": "Помилка імпорту (Неправильний формат файлу)",
		"EMPTY_LIST": "Немає контактів",
		"EMPTY_SEARCH": "Контакти не знайдено",
		"CLEAR_SEARCH": "Очистити пошук",
		"CONTACT_VIEW_DESC": "Виберіть контакт для перегляду.",
		"LABEL_BIRTHDAY": "День нарождення",
		"DISPLAY_NAME": "Повне ім'я",
		"LAST_NAME": "Ім'я",
		"FIRST_NAME": "Прізвище",
		"MIDDLE_NAME": "По батькові",
		"NAME_PREFIX": "Префікс імені",
		"NAME_SUFFIX": "Суфікс імені",
		"NICK_NAME": "Нік",
		"LABEL_READ_ONLY": "Тільки читання",
		"ADD_MENU_LABEL": "Додати",
		"ADD_MENU_NICKNAME": "Нік",
		"ADD_MENU_NOTE": "Примітки",
		"ADD_MENU_PHONE": "Телефон",
		"ADD_MENU_URL": "Сайт",
		"ADD_MENU_ADDRESS": "Адреса",
		"ADD_MENU_BIRTHDAY": "День народження",
		"ADD_MENU_TAGS": "Теги",
		"BUTTON_SHARE_ALL": "Всім",
		"BUTTON_SYNC": "Синхронизація (CardDAV)",
		"SEND_TO_ALL_CONTACT_EMAILS": "Надіслати на всі контактні email"
	},
	"COMPOSE": {
		"LINK_SHOW_INPUTS": "Показати всі поля",
		"BUTTON_SEND": "Надіслати",
		"BUTTON_MINIMIZE": "Згорнути",
		"SAVED_TIME": "Збережено в %TIME%",
		"SAVED_ERROR_ON_SEND": "Повідомлення було надіслано, але не збережено",
		"DISCARD_UNSAVED_DATA": "Видалити незбережені дані?",
		"ATTACH_FILES": "Додати файли",
		"ATTACH_DROP_FILES_DESC": "Помістити файли сюди",
		"REPLY_MESSAGE_TITLE": "%DATETIME%, %EMAIL% написав",
		"FORWARD_MESSAGE_TOP_TITLE": "-------- Переслане повідомлення -------",
		"FORWARD_MESSAGE_TOP_SENT": "Надіслано",
		"EMPTY_TO_ERROR_DESC": "Вкажіть як мінімум одного отримувача",
		"NO_ATTACHMENTS_HERE_DESC": "Тут немає вкладень.",
		"ATTACHMENTS_ERROR_DESC": "УВАГА! Не всі вкладення завантажено.",
		"ATTACHMENTS_UPLOAD_ERROR_DESC": "Ще не всі вкладені файли завантажено",
		"ALLOW_SPELLCHECK": "Увімкнути перевірку правопису в браузері",
		"ALLOW_DRAFT_AUTOSAVE": "Автоматично зберігати чернетку",
		"BUTTON_REQUEST_READ_RECEIPT": "Запит про прочитання листа",
		"BUTTON_MARK_AS_IMPORTANT": "Позначити як важливе",
		"BUTTON_REQUEST_DSN": "Запитати звіт про доставку",
		"BUTTON_REQUIRE_TLS": "Вимагати захищеної доставки",
		"ERROR_EMPTY_BODY": "Повідомлення порожнє"
	},
	"POPUPS_ASK": {
		"EXIT_ARE_YOU_SURE": "Ви впевнені, що бажаєте вийти?",
		"DESC_WANT_CLOSE_THIS_WINDOW": "Ви впевнені, що хочете закрити це вікно?",
		"DESC_WANT_DELETE_MESSAGES": "Ви впевнені, що хочете видалити повідомлення?"
	},
	"POPUPS_LANGUAGES": {
		"TITLE_LANGUAGES": "Виберіть мову"
	},
	"POPUPS_ADD_ACCOUNT": {
		"TITLE_ADD_ACCOUNT": "Додати ще акаунт",
		"BUTTON_ADD_ACCOUNT": "Додати",
		"TITLE_UPDATE_ACCOUNT": "Оновити акаунт"
	},
	"POPUPS_IDENTITY": {
		"TITLE_ADD_IDENTITY": "Додати відправника",
		"TITLE_UPDATE_IDENTITY": "Оновити відправника",
		"LABEL": "Внутрішня назва",
		"BUTTON_ADD_IDENTITY": "Додати",
		"SIGNATURE": "Підпис",
		"LABEL_SIGNATURE_INSERT_BEFORE": "Вставляти підпис перед цитованим текстом у відповідях"
	},
	"POPUPS_CREATE_FOLDER": {
		"TITLE_CREATE_FOLDER": "Створити папку",
		"LABEL_PARENT": "Батьківська папка",
		"BUTTON_CREATE": "Створити",
		"TITLE_CREATING_PROCESS": "Створення папки"
	},
	"POPUPS_CLEAR_FOLDER": {
		"TITLE_CLEAR_FOLDER": "Очистити папку від листів?",
		"DANGER_DESC_WARNING": "Увага!",
		"DANGER_DESC_HTML_1": "Ця дія призведе до повного видалення всіх листів з папки <strong>%FOLDER%<\/strong>.",
		"DANGER_DESC_HTML_2": "Після початку очищення, процес <strong style=\"color:red\">неможливо<\/strong> буде зупинити чи відмінити.",
		"TITLE_CLEARING_PROCESS": "Очищення папки..."
	},
	"CRYPTO": {
		"SIGN": "Підпис",
		"ENCRYPT": "Шифрування",
		"DECRYPT": "Дешифрувати",
		"VERIFY": "Перевірити",
		"GOOD_SIGNATURE": "Підтверджена сигнатура для %USER%",
		"ERROR": "%TYPE% помилка: %ERROR%",
		"CREATE_SELF_SIGNED": "Створити самопідписаний",
		"VALID_UNTIL": "Дійсний до",
		"PRIVATE_KEY": "Private key",
		"CHANGE_PASS": "Змінити пароль",
		"CURRENT_PASS": "Поточна пароль",
		"NEW_PASS": "Новий пароль",
		"ASK_CRYPTKEY_PASS": "Ваш пароль змінено. Щоб розшифрувати дані, введіть старий пароль"
	},
	"OPENPGP": {
		"POPUP_IMPORT_TITLE": "Імпорт OpenPGP ключа",
		"POPUP_IMPORT_BUTTON": "Імпорт",
		"POPUP_VIEW_TITLE": "Перегляд OpenPGP ключа",
		"POPUP_VIEW_BUTTON": "Вибрати",
		"POPUP_GENERATE_TITLE": "Генерація OpenPGP ключа",
		"POPUP_GENERATE_BUTTON": "Створити",
		"LABEL_KEY_TYPE": "Type",
		"SIGNED_MESSAGE": "OpenPGP підписане повідомлення",
		"ENCRYPTED_MESSAGE": "OpenPGP шифроване повідомлення",
		"STORE_IN_GNUPG": "Зберігати на сервері в GnuPG",
		"STORE_PUBLIC_KEY_IN_GNUPG": "Зберігайте public key на сервері в GnuPG",
		"STORE_PRIVATE_KEY_IN_GNUPG": "Зберігайте private key на сервері в GnuPG",
		"BACKUP_ON_SERVER": "Зберігати (зашифроване) на сервері",
		"BACKUP_PUBLIC_KEY_ON_SERVER": "Бекап public key на сервері",
		"BACKUP_PRIVATE_KEY_ON_SERVER": "Бекап private key на сервері"
	},
	"SMIME": {
		"POPUP_IMPORT_TITLE": "Імпорт S\/MIME сертифікат",
		"CERTIFICATE": "Сертифікат",
		"CERTIFICATES": "S\/MIME Сертифікати",
		"SIGNED_MESSAGE": "S\/MIME підписане повідомлення",
		"ENCRYPTED_MESSAGE": "S\/MIME шифроване повідомлення",
		"PRIVATE_KEY_OF": "S\/MIME private key з %EMAIL%"
	},
	"POPUPS_FILTER": {
		"TITLE_CREATE_FILTER": "Створити фільтер",
		"TITLE_EDIT_FILTER": "Оновити фільтер",
		"LEGEND_CONDITIONS": "Умови",
		"LEGEND_ACTIONS": "Дії",
		"BUTTON_ADD_CONDITION": "Додати умову",
		"SELECT_ACTION_MOVE_TO": "Перемістити в",
		"SELECT_ACTION_FORWARD_TO": "Переслати до",
		"SELECT_ACTION_REJECT": "Відклонити",
		"SELECT_ACTION_VACATION_MESSAGE": "Повідомлення про відпустку",
		"SELECT_ACTION_DISCARD": "Відклонити",
		"SELECT_FIELD_RECIPIENTS": "Отримувачі (To or CC)",
		"SELECT_FIELD_HEADER": "Заголовок",
		"SELECT_FIELD_BODY": "Тіло",
		"SELECT_FIELD_SIZE": "Розмір",
		"SELECT_TYPE_CONTAINS": "Містить",
		"SELECT_TYPE_NOT_CONTAINS": "Не містить",
		"SELECT_TYPE_MATCHES": "Збіги (* та ? підтримуються)",
		"SELECT_TYPE_NOT_MATCHES": "Заперечення збігів (* та ? підтримуються)",
		"SELECT_TYPE_REGEXP": "Регулярний вираз",
		"SELECT_TYPE_NOT_REGEXP": "Не регулярний вираз",
		"SELECT_TYPE_EQUAL_TO": "Дорівнює",
		"SELECT_TYPE_NOT_EQUAL_TO": "Не дорівнює",
		"SELECT_TYPE_OVER": "Більше",
		"SELECT_TYPE_UNDER": "Менше",
		"SELECT_TYPE_TEXT": "Текст",
		"SELECT_TYPE_RAW": "Raw",
		"SELECT_MATCH_ANY": "Відповідає будь-якому з наступних правил",
		"SELECT_MATCH_ALL": "Відповідає усім наступним правилам",
		"MARK_AS_READ_LABEL": "Позначити як прочитане",
		"REPLY_INTERVAL_LABEL": "Інтервал відповідей (днів)",
		"KEEP_LABEL": "Тримати",
		"STOP_LABEL": "Зупинити подальшу обробку правил",
		"VACATION_SUBJECT_LABEL": "Тема (не обов'язково)",
		"VACATION_MESSAGE_LABEL": "Повідомлення",
		"VACATION_RECIPIENTS_LABEL": "Отримувачі (розділяти комами)",
		"REJECT_MESSAGE_LABEL": "Відклонити повідомлення",
		"ALL_INCOMING_MESSAGES_DESC": "Всі повідомлення, що надійшли"
	},
	"POPUPS_SIEVE_SCRIPT": {
		"TITLE_CREATE": "Створити скрипт",
		"TITLE_EDIT": "Редагувати скрипт",
		"BUTTON_ADD_FILTER": "Додати фільтр",
		"BUTTON_RAW_SCRIPT": "Використати користувацький скрипт",
		"CAPABILITY_LABEL": "Можливості",
		"CHANGES_NEED_TO_BE_SAVED_DESC": "Ці зміни потрібно зберегти на сервері."
	},
	"POPUPS_SYSTEM_FOLDERS": {
		"TITLE_SYSTEM_FOLDERS": "Виберіть системні папки",
		"SELECT_CHOOSE_ONE": "Ще не вибрано",
		"SELECT_UNUSE_NAME": "Не використовувати",
		"NOTIFICATION_SENT": "Ви ще не обрали системну папку \"Вихідні\", в яку складаються всі повідомлення післе надсилання.\nЯкщо ви не хочете зберігати вихідні листи, будь ласка, виберіть пункт \"Не використовувати\".\n",
		"NOTIFICATION_DRAFTS": "Ви ще не обрали системну папку \"Чернетки\", в яку складаються всі збережені повідомлення.",
		"NOTIFICATION_SPAM": "Ви ще не обрали системну папку \"Спам\", в яку складаються всі спам повідомлення.\nЯкщо ви хочете видаляти листи одразу, будь ласка, виберіть пункт \"Не використовувати\".\n",
		"NOTIFICATION_TRASH": "Ви ще не обрали системну папку \"Кошик\", в яку складаються всі повідомлення після видалення.\nЯкщо ви хочете видаляти листи одразу, будь ласка, виберіть пункт \"Не використовувати\".\n",
		"NOTIFICATION_ARCHIVE": "Ви ще не обрали системну папку \"Архів\", в яку складаються всі повідомлення після архівації."
	},
	"TITLES": {
		"MAILBOX": "Пошта",
		"SETTINGS": "Налаштування"
	},
	"UPLOAD": {
		"ERROR_FILE_IS_TOO_BIG": "Файл надто великий",
		"ERROR_FILE_PARTIALLY_UPLOADED": "Файл не завантажився повністю",
		"ERROR_NO_FILE_UPLOADED": "Файл не було завантажено",
		"ERROR_MISSING_TEMP_FOLDER": "Помилка при збереженні файлу",
		"ERROR_ON_SAVING_FILE": "Помилка при збереженні файлу",
		"ERROR_FILE_TYPE": "Неправильний тип файлу",
		"ERROR_UNKNOWN": "Помилка завантаження файлу"
	},
	"EDITOR": {
		"PLAIN": "HTML <-> ТЕКСТ",
		"SOURCE": "HTML <-> ДЖЕРЕЛО",
		"FONTFAMILY": "Сімейство шрифтів",
		"FONTSIZE": "Розмір шрифту",
		"DIR": "Напрямок тексту",
		"DIR_LTR": "Зліва направо",
		"DIR_RTL": "Справа наліво",
		"DIR_AUTO": "Автоматично",
		"TEXTCOLOR": "Колір тексту",
		"BACKGROUNDCOLOR": "Колір фону",
		"BOLD": "Жирний",
		"ITALIC": "Курсив",
		"UNDERLINE": "Підкреслений",
		"STRIKE": "Закреслений",
		"SUB": "Нижній індекс",
		"SUP": "Верхній індекс",
		"OL": "Нумерований список",
		"UL": "Маркований список",
		"QUOTE": "Блок цитати",
		"INDENTDECREASE": "Зменшити відступ",
		"INDENTINCREASE": "Збільшити відступ",
		"LINK": "Посилання",
		"IMAGEURL": "URL зображення",
		"IMAGEUPLOAD": "Вибір зображення",
		"UNDO": "Скасувати",
		"REDO": "Повторити",
		"REMOVESTYLE": "Видалити стиль"
	},
	"SETTINGS_LABELS": {
		"GENERAL": "Основні",
		"CONTACTS": "Контакти",
		"FOLDERS": "Папки",
		"ACCOUNTS": "Акаунти",
		"FILTERS": "Фільтри",
		"SECURITY": "Безпека",
		"THEMES": "Теми"
	},
	"SETTINGS_FILTERS": {
		"SIMPLE": "Прості",
		"ADVANCED": "Розширені",
		"BUTTON_ADD_SCRIPT": "Додати скрипт",
		"SUBNAME_MOVE_TO": "Перемістити до \"%FOLDER%\"",
		"SUBNAME_FORWARD_TO": "Переслати на \"%EMAIL%\"",
		"SUBNAME_REJECT": "Відхилити",
		"SUBNAME_VACATION_MESSAGE": "Повідомлення автовідповідача",
		"SUBNAME_DISCARD": "Знищити"
	},
	"SETTINGS_SECURITY": {
		"LEGEND_SECURITY": "Безпека",
		"LABEL_AUTOLOGOUT": "Автовихід",
		"FORGET_KEY_PASS": "Забувати пароль private key",
		"NEVER": "Ніколи"
	},
	"SETTINGS_GENERAL": {
		"LANGUAGE": "Мова",
		"HOUR_FORMAT": "Формат часу",
		"IDENTITY": "Акаунт",
		"LAYOUT": "Макет",
		"LAYOUT_NO_SPLIT": "Список листів",
		"LAYOUT_VERTICAL_SPLIT": "Список з вертикальним переглядом",
		"LAYOUT_HORIZONTAL_SPLIT": "Список з горизонтальним переглядом",
		"SHOW_NEXT_MESSAGE": "Перейти до наступного повідомлення після видалення\/переміщення поточного",
		"EDITOR": "Редактор тексту за змовчуванням",
		"EDITOR_HTML": "Форматований",
		"EDITOR_PLAIN": "Простий",
		"VIEW_OPTIONS": "Відображення",
		"USE_PREVIEW_PANE": "Використовувати трьохколонний режим відображення",
		"HIDE_DELETED_MESSAGES": "Приховати повідомлення, позначені для видалення",
		"USE_CHECKBOXES_IN_LIST": "Показувати чекбокси у списках",
		"USE_THREADS": "Згортати листи у листуваннях",
		"THREAD_ALGORITHM": "У вигляді розмови",
		"REPLY_SAME_FOLDER": "Поміщати відповіді в ту ж папку, де знаходиться оригінал",
		"PREFER_HTML": "Перважати HTML над звичайним текстом",
		"PREFER_HTML_INFO": "Повідомлення іноді надходять в обох форматах. Цей параметр визначає, чи ви хочете, щоб відображалася HTML-частина чи звичайний текст.",
		"REMOVE_COLORS": "Видалити кольори фону та тексту з тіла повідомлення",
		"ALLOW_STYLES": "Дозволити <style> CSS",
		"MESSAGE_PER_PAGE": "Повідомлень на одній сторінці",
		"CHECK_MAIL_INTERVAL": "Інтервал перевірки повідомлень",
		"MARK_MESSAGE_READ_AFTER": "Позначити повідомлення як прочитане після",
		"MSG_DEFAULT_ACTION": "Дія за замовчуванням",
		"SECONDS": "секунд",
		"MINUTES": "хвилин",
		"NOTIFICATIONS": "Сповіщення",
		"SOUND_NOTIFICATION": "Звукове сповіщення",
		"CHROME_NOTIFICATION_DESC": "Показувати сповіщення про нові повідомлення у підказках",
		"CHROME_NOTIFICATION_DESC_DENIED": "(Заблоковано браузером)",
		"COLLAPSE_BLOCKQUOTES": "Згорнути цитований текст",
		"MAX_QUOTE_LEVEL": "Максимальний видимий рівень цитованого тексту",
		"LIST_INLINE_ATTACHMENTS": "Показати вбудовані вкладення у списку",
		"LIST_SIMPLE_ATTACHMENTS": "Простий список вкладень",
		"LIST_MESSAGES_GROUPED": "Показувати повідомлення групами (якщо сортування за датою або відправником)",
		"EXTERNAL_IMAGES": "Зовнішні зображення",
		"IMAGES_OPTION_ASK": "Завжди запитувати",
		"IMAGES_OPTION_WHITELIST": "Білий список чи запитувати",
		"IMAGES_OPTION_ALWAYS": "Завжди показувати",
		"IMAGES_WHITELIST": "Білий список зображень",
		"MESSAGE_POPUP_WINDOW": "Popup в новому вікні замісь нової вкладки",
		"MAILTO": "Зареєструвати як обробник посилань типу 'mailto:'",
		"HTML_TO_MD": "Перетворити HTML на MD (Markdown) замість простого тексту"
	},
	"SETTINGS_CONTACTS": {
		"LABEL_CONTACTS_AUTOSAVE": "Автоматично додавати отримувачів у адресну книгу",
		"LEGEND_CONTACTS_SYNC": "Синхронізація (CardDAV)",
		"LABEL_CONTACTS_SYNC_ENABLE": "Увімкнути синхронизацію",
		"LABEL_CONTACTS_SYNC_SERVER": "Сервер",
		"LABEL_CONTACTS_SYNC_AB_URL": "Адресна книга (URL)",
		"LABEL_CONTACTS_SYNC_USER": "Користувач",
		"SYNC_READ": "Тільки для читання"
	},
	"SETTINGS_THEMES": {
		"LEGEND_THEMES": "Теми Оформлення",
		"LABEL_BACKGROUND": "Зображення на фоні",
		"LABEL_FONTS": "Шрифти",
		"BUTTON_UPLOAD_BACKGROUND_IMAGE": "Завантажити фонове зображення (JPG, PNG)",
		"ERROR_FILE_IS_TOO_BIG": "Файл надто великий",
		"ERROR_FILE_TYPE_ERROR": "Невірний тип файлу (тільки JPG и PNG)",
		"ERROR_UNKNOWN": "Помилка завантаження файлу"
	},
	"SETTINGS_FOLDERS": {
		"LEGEND_FOLDERS": "Список Папок",
		"BUTTON_CREATE": "Створити папку",
		"BUTTON_SYSTEM": "Системні папки",
		"BUTTON_SUBSCRIBE": "Підписатися",
		"BUTTON_UNSUBSCRIBE": "Відписатися",
		"LOADING_PROCESS": "Оновлення списку папок",
		"CREATING_PROCESS": "Створення папки",
		"DELETING_PROCESS": "Видалення папки",
		"RENAMING_PROCESS": "Перейменування папки",
		"TO_MANY_FOLDERS_DESC_1": "У вас занадто багато папок!",
		"TO_MANY_FOLDERS_DESC_2": "Ми показали лише частину з них, щоб уникнути проблем з продуктивністю.",
		"HELP_DELETE_FOLDER": "Видалити папку",
		"HELP_SHOW_HIDE_FOLDER": "Відобразити\/приховати папку",
		"HELP_CHECK_FOR_NEW_MESSAGES": "Перевірте наявність нових повідомлень",
		"HIDE_UNSUBSCRIBED": "Приховати папки, на які не підписано",
		"UNHIDE_KOLAB_FOLDERS": "Показати папки Kolab",
		"TYPE_CALENDAR": "Календар",
		"TYPE_CONFIGURATION": "Конфігурація",
		"TYPE_CONTACTS": "Контакти",
		"TYPE_FILES": "Файли",
		"TYPE_JOURNAL": "Журнал",
		"TYPE_NOTES": "Нотатки",
		"TYPE_TASKS": "Завдання"
	},
	"SETTINGS_ACCOUNTS": {
		"LEGEND_ACCOUNTS": "Список акаунтів",
		"LEGEND_IDENTITIES": "Список відправників",
		"LEGEND_ACCOUNTS_AND_IDENTITIES": "Акаунти та відправники",
		"BUTTON_ADD_ACCOUNT": "Додати ще акаунт",
		"BUTTON_ADD_IDENTITY": "Додати відправника",
		"LOADING_PROCESS": "Оновлення списку акаунтів",
		"SHOW_UNREAD": "Показати кількість непрочитаних повідомлень"
	},
	"SETTINGS_OPENPGP": {
		"BUTTON_IMPORT_KEY": "Імпортувати ключ",
		"BUTTON_GENERATE_KEY_PAIR": "Новий ключ",
		"IMPORT_FROM_SERVER": "Імпортувати з сервера",
		"TITLE_PRIVATE": "Приватний",
		"TITLE_PUBLIC": "Публічний",
		"GET_MAILVELOPE": "Отримати Mailvelope розширення для браузера."
	},
	"SHORTCUTS_HELP": {
		"LEGEND_SHORTCUTS_HELP": "Сполучення клавіш",
		"TAB_MAILBOX": "Пошта",
		"TAB_MESSAGE_LIST": "Список повідомлень",
		"TAB_MESSAGE_VIEW": "Перегляд повідомлень",
		"TAB_COMPOSE": "Написанні повідомлення",
		"LABEL_OPEN_USER_DROPDOWN": "Відкрити випадаючий список користувача",
		"LABEL_REPLY": "Відповісти",
		"LABEL_REPLY_ALL": "Відповісти всім",
		"LABEL_FORWARD": "Переслати",
		"LABEL_FORWARD_MULTIPLY": "Переслати всі вибрані повідомлення",
		"LABEL_CHECK_ALL": "Вибрати всі повідомлення",
		"LABEL_DELETE": "Видалити",
		"LABEL_OPEN_THREAD": "Відкрити відмічене листування",
		"LABEL_MOVE": "Перемістити",
		"LABEL_READ": "Відмітити вибрані листи прочитаними",
		"LABEL_UNREAD": "Відмітити вибрані листи непрочитаними",
		"LABEL_IMPORTANT": "Відпітити вибрані листи як важливі",
		"LABEL_CANCEL_SEARCH": "Відмінити пошук",
		"LABEL_FULLSCREEN_ENTER": "Повноекранний режим",
		"LABEL_VIEW_MESSAGE_ENTER": "Перегляд повідомлення",
		"LABEL_SWITCH_TO_MESSAGE": "Переключити фокус на вибране повідомлення",
		"LABEL_SWITCH_TO_FOLDER_LIST": "Переключити фокус на список папок",
		"LABEL_FULLSCREEN_TOGGLE": "Переключити повноекранний режим",
		"LABEL_BLOCKQUOTES_TOGGLE": "Перемикання видимості цитат у листі",
		"LABEL_THREAD_NEXT": "Наступний лист у листуванні",
		"LABEL_THREAD_PREV": "Попередній лист у листуванні",
		"LABEL_EXIT_FULLSCREEN": "Вийти з повноекранного режиму",
		"LABEL_CLOSE_MESSAGE": "Закрити повідомлення",
		"LABEL_SWITCH_TO_LIST": "Переключити фокус на список листів",
		"LABEL_OPEN_COMPOSE_POPUP": "Написати листа",
		"LABEL_MINIMIZE_COMPOSE_POPUP": "Згорнути вікно",
		"LABEL_OPEN_IDENTITIES_DROPDOWN": "Вибрати відправника",
		"LABEL_SAVE_MESSAGE": "Зберегти повідомлення",
		"LABEL_SEND_MESSAGE": "Надіслати повідомлення",
		"LABEL_CLOSE_COMPOSE": "Закрити повідомлення"
	},
	"NOTIFICATIONS": {
		"RequestError": "Запит не вдалий",
		"RequestAborted": "Запит скасовано",
		"RequestTimeout": "Час очікування запиту минув",
		"InvalidToken": "Невірний токен запиту",
		"AuthError": "Не вдалося авторизуватися",
		"ConnectionError": "Помилка з'єднання з сервером.",
		"DomainAlreadyExists": "Домен вже існує",
		"DomainNotAllowed": "Цей домен заборонений",
		"AccountNotAllowed": "Цей акаунт заборонений",
		"CryptKeyError": "Ваш пароль був змінений",
		"ContactsSyncError": "Помилка синхронізації контактів",
		"CantGetMessageList": "Не можу отримати список листів",
		"CantGetMessage": "Не можу отримати листа",
		"CantDeleteMessage": "Не можу видалити листа",
		"CantCopyMessage": "Не можу скопіювати повідомлення",
		"CantMoveMessage": "Не можу перемістити листа",
		"CantSaveMessage": "Не можу зберегти листа",
		"CantSendMessage": "Не можу відправити листа",
		"InvalidRecipients": "Перевірити правильність вводу всіх адрес.",
		"CantSaveFilters": "Не можу зберегти фільтри",
		"CantGetFilters": "Не можу отримати фільтри",
		"CantActivateFiltersScript": "Не можу активувати скрипт фільру",
		"CantDeleteFiltersScript": "Не можу видалити скрипт фільтру",
		"FiltersAreNotCorrect": "Фільтри неправильні",
		"CantCreateFolder": "Не можу створити папку",
		"CantRenameFolder": "Не можу перейменувати папку",
		"CantDeleteFolder": "Не можу видалити папку",
		"CantDeleteNonEmptyFolder": "Не можу видалити не порожню папку",
		"CantSubscribeFolder": "Не можу підписати папку",
		"CantUnsubscribeFolder": "Не можу відписати папку",
		"DemoSendMessageError": "Демо акаунту надсилання листів на зовнішні поштові адреси заборонена!",
		"DemoAccountError": "З міркувань безпеки цей обліковий запис заборонено для цієї дії!",
		"AccountAlreadyExists": "акаунт вже додано",
		"AccountDoesNotExist": "Акаунт не існує",
		"AccountSwitchFailed": "Перемикання на акаунт \"%EMAIL%\" не вдало",
		"MailServerError": "Помилка доступу до поштового серверу",
		"InvalidInputArgument": "Неправильний параметр",
		"UnknownError": "Невідома помилка"
	}
}
