{
	"LANG_DIR": "ltr",
	"GLOBAL": {
		"TO_ARCHIVE": "Archiviazione",
		"ARE_YOU_SURE": "Sei sicuro?",
		"BACK": "Indietro",
		"BCC": "CCN",
		"CANCEL": "Annulla",
		"CC": "CC",
		"CLEAR": "Elimina",
		"CLOSE": "Chiudi (Esc)",
		"CONTACTS": "Contatti",
		"DELETE": "Elimina",
		"UNDELETE": "Undelete",
		"DONE": "Fatto",
		"EMAIL": "Email",
		"FROM": "Da",
		"LOADING": "Caricamento...",
		"LOGOUT": "Esci",
		"MORE": "Altro",
		"MOVE_TO": "Sposta in",
		"COPY_TO": "Copia a",
		"NAME": "Nome",
		"NONE": "Nessuno",
		"TO_SPAM": "Sposta messaggio\/i nel spam",
		"NOT_SPAM": "Segnala come non spam",
		"USERNAME": "Nome utente",
		"PASSWORD": "Passphrase",
		"REMEMBER": "Ricordami",
		"REPLY_TO": "Rispondi a",
		"SAVE": "Salva",
		"SAVE_CHANGES": "Salvare le modifiche?",
		"SEARCH": "Cerca",
		"SPAM": "Segnala come spam",
		"SUBJECT": "Oggetto",
		"TEST": "Esegui test",
		"TO": "A",
		"SERVER_MESSAGE": "Server message",
		"YES": "Sì",
		"NO": "No",
		"INACTIVE": "Inattivo",
		"DEFAULT": "predefinito",
		"HELP": "Aiuto",
		"TEXT": "Messaggio",
		"ATTACHMENTS": "Allegati"
	},
	"LOGIN": {
		"LABEL_LOGIN": "Login",
		"LABEL_SIGN_ME": "Ricordami",
		"BUTTON_SIGN_IN": "Accedi"
	},
	"TOP_TOOLBAR": {
		"BUTTON_ADD_ACCOUNT": "Aggiungi account"
	},
	"SEARCH": {
		"TITLE_ADV": "Ricerca avanzata",
		"TEXT": "Messaggio",
		"HAS_ATTACHMENT": "Ha un allegato",
		"FLAGGED": "Preferiti",
		"UNSEEN": "Non letti",
		"DATE": "Data",
		"DATE_ALL": "Tutte",
		"BEFORE_3_DAYS": "Older then 3 days",
		"BEFORE_7_DAYS": "Older then 1 week",
		"BEFORE_MONTH": "Older then 1 month",
		"BEFORE_3_MONTHS": "Older then 3 months",
		"BEFORE_6_MONTHS": "Older then 6 months",
		"BEFORE_YEAR": "Older then 1 year",
		"SINCE_3_DAYS": "Meno di 3 giorni fa",
		"SINCE_7_DAYS": "Meno di una settimana fa",
		"SINCE_MONTH": "Meno di un mese fa",
		"SINCE_3_MONTHS": "Meno di 3 mesi fa",
		"SINCE_6_MONTHS": "Meno di 6 mesi fa",
		"SINCE_YEAR": "Meno di un anno fa",
		"SUBFOLDERS": "Sottocartelle",
		"SUBFOLDERS_NONE": "Nessuna",
		"SUBFOLDERS_SUBTREE": "Tutte",
		"SUBFOLDERS_SUBTREE_ONE": "Primo livello",
		"REPLIED": "Risposto",
		"KEYWORD": "Tag"
	},
	"FOLDER_LIST": {
		"BUTTON_COMPOSE": "Scrivi messaggio",
		"BUTTON_NEW_MESSAGE": "Nuovo messaggio",
		"INBOX_NAME": "Posta in arrivo",
		"SENT_NAME": "Posta inviata",
		"DRAFTS_NAME": "Bozze",
		"TRASH_NAME": "Cestino",
		"ARCHIVE_NAME": "Archivio"
	},
	"IMAP": {
		"ACL_RIGHTS": "Rights",
		"ACL_A": "Administer",
		"ACL_E": "Expunge",
		"ACL_I": "Insert messages",
		"ACL_K": "Create sub-folders",
		"ACL_L": "Show messages",
		"ACL_P": "Send mail",
		"ACL_R": "Select folder",
		"ACL_S": "\\SEEN tag",
		"ACL_T": "\\DELETED tag",
		"ACL_W": "Other tags",
		"ACL_X": "Delete\/Rename folder"
	},
	"MESSAGE_LIST": {
		"BUTTON_RELOAD": "Aggiorna",
		"BUTTON_EMPTY_FOLDER": "Svuota cartella",
		"BUTTON_MULTY_FORWARD": "Inoltra messaggi",
		"BUTTON_DELETE_WITHOUT_MOVE": "Elimina definitivamente",
		"MENU_SET_SEEN": "Marca come letto",
		"MENU_SET_ALL_SEEN": "Marca tutti come letti",
		"MENU_UNSET_SEEN": "Marca come non letto",
		"MENU_SET_FLAG": "Marca come preferito",
		"MENU_UNSET_FLAG": "Marca come non preferito",
		"MENU_SELECT_ALL": "Tutti",
		"MENU_SELECT_INVERT": "Inverti",
		"MENU_SELECT_UNSEEN": "Non letti",
		"MENU_SELECT_SEEN": "Letti",
		"MENU_SELECT_FLAGGED": "Preferiti",
		"MENU_SELECT_UNFLAGGED": "Non preferiti",
		"DOWNLOAD_ALL_ATTACHMENTS": "Scarica tutti allegati",
		"EMPTY_LIST": "Lista vuota",
		"EMPTY_SEARCH_LIST": "Nessun messaggio corrisponde alla tua ricerca",
		"SEARCH_RESULT_FOR": "Risultati di ricerca per \"%SEARCH%\"",
		"BACK_TO_MESSAGE_LIST": "ritorna alla lista dei messaggi",
		"PUT_MESSAGE_HERE": "Trascina il messaggio qui per vederlo nella lista",
		"TODAY_AT": "oggi alle %TIME%",
		"YESTERDAY_AT": "ieri alle %TIME%",
		"NEW_MESSAGE_NOTIFICATION": "Hai %COUNT% nuovi messaggi!",
		"QUOTA_SIZE": "Stai usando <strong>%SIZE% (%PROC%%)<\/strong> su <strong>%LIMIT%<\/strong>",
		"SORT": "Riordina",
		"NO_SORT": "Il mail server non supporta l'ordinamento",
		"SORT_ARRIVAL_ASC": "Arrived ascending",
		"SORT_ARRIVAL_DESC": "Arrived descending",
		"SORT_DATE_ASC": "Data crescente",
		"SORT_DATE_DESC": "Data decrescente",
		"SORT_SIZE_ASC": "Dimensione crescente",
		"SORT_SIZE_DESC": "Dimensione decrescente",
		"SORT_SUBJECT_ASC": "Oggetto A-Z",
		"SORT_SUBJECT_DESC": "Oggetto Z-A",
		"SORT_FROM_ASC": "Da A-Z",
		"SORT_FROM_DESC": "Da Z-A"
	},
	"MESSAGE": {
		"BUTTON_EDIT": "Modifica",
		"BUTTON_UNSUBSCRIBE": "Disiscriviti da questa lista",
		"BUTTON_REPLY": "Rispondi",
		"BUTTON_REPLY_ALL": "Rispondi a tutti",
		"BUTTON_FORWARD": "Inoltra",
		"BUTTON_FORWARD_AS_ATTACHMENT": "Inoltra come allegato",
		"BUTTON_EDIT_AS_NEW": "Modifica come nuovo",
		"BUTTON_SHOW_IMAGES": "Mostra immagini esterne",
		"BUTTON_NOTIFY_READ_RECEIPT": "Chi ha inviato il messaggio ha richiesto di essere avvisato quando lo leggi.",
		"BUTTON_IN_NEW_WINDOW": "Leggi in una finestra separata",
		"BUTTON_THREAD_LIST": "Messaggi in questa conversazione",
		"BUTTON_THREAD_PREV": "Messaggio precedente",
		"BUTTON_THREAD_NEXT": "Prossimo messaggio",
		"BUTTON_THREAD_MORE": "Più messaggi",
		"MENU_HEADERS": "Mostra le intestazioni del messaggio",
		"MENU_VIEW_ORIGINAL": "Visualizza sorgente",
		"HTML_VIEW": "Visualizza messaggio in HTML",
		"PLAIN_VIEW": "Visualizza in formato Testo",
		"SWAP_COLORS": "Swap default (background)color",
		"MENU_DOWNLOAD_ORIGINAL": "Scarica come file .eml",
		"MENU_FILTER_SIMILAR": "Mostra messaggi come questo",
		"MENU_PRINT": "Stampa",
		"EMPTY_SUBJECT_TEXT": "(Nessun oggetto)",
		"LABEL_DATE": "Data",
		"LABEL_FROM_SHORT": "da",
		"LABEL_TO_SHORT": "a",
		"PRINT_LABEL_ATTACHMENTS": "Allegati",
		"MESSAGE_VIEW_DESC": "Seleziona un messaggio dalla lista per visualizzarlo qui",
		"MESSAGE_VIEW_MOVE_DESC": "Clicca sul nome della cartella nel pannello sinistro per selezionare la destinazione.",
		"LINK_DOWNLOAD_AS_ZIP": "Scarica come archivio ZIP",
		"SPAM_SCORE": "Punteggio Spam",
		"HAS_VIRUS_WARNING": "AVVISO: rilevato virus",
		"TAGS": "Tag",
		"NEW_TAG": "Nuovo tag",
		"ENABLE_TRACKING_LINKS": "Enable tracking links",
		"TRACKING_ENABLED": "Links are now tracked when clicked!"
	},
	"MESSAGE_TAGS": {
		"$important": "Importante",
		"$todo": "Da fare",
		"$label1": "Importante",
		"$label2": "Opera",
		"$label3": "Personale",
		"$label4": "Da fare",
		"$label5": "Dopo"
	},
	"READ_RECEIPT": {
		"SUBJECT": "Avviso di lettura - %SUBJECT%",
		"BODY": "Questo è un avviso di lettura per la mail che hai inviato a %READ-RECEIPT%.\n\nAttenzione: questa notifica di lettura significa solo che il messaggio è stato visualizzato nel computer del destinatario.\nNon c'è alcuna garanzia che il destinatario abbia letto o capito il contenuto del messaggio."
	},
	"SUGGESTIONS": {
		"SEARCHING_DESC": "Cerca..."
	},
	"CONTACTS": {
		"TAB_CONTACT": "Contatto",
		"TAB_LOCATIONS": "Località",
		"TAB_BUSINESS": "Business",
		"LABEL_ORGANIZATION": "Organizzazione",
		"LABEL_DEPARTMENT": "Reparto",
		"LABEL_TITLE": "Titolo",
		"TAB_CRYPTO": "Crypto",
		"ASK": "Chiedi",
		"NEVER": "Mai",
		"ALWAYS": "Sempre",
		"ALWAYS_IF_POSSIBLE": "Sempre, se possibile",
		"BUTTON_ADD_CONTACT": "Aggiungi contatto",
		"BUTTON_CREATE_CONTACT": "Crea",
		"BUTTON_IMPORT": "Importa (csv, vcf, vCard)",
		"BUTTON_EXPORT_VCARD": "Esporta (vcf, vCard)",
		"BUTTON_EXPORT_CSV": "Esporta (csv)",
		"ERROR_IMPORT_FILE": "Errore di importazione (formato del file non valido)",
		"EMPTY_LIST": "Nessun contatto qui",
		"EMPTY_SEARCH": "Nessun contatto trovato",
		"CLEAR_SEARCH": "Pulisci ricerca",
		"CONTACT_VIEW_DESC": "Seleziona un contatto dalla lista per visualizzarlo qui",
		"LABEL_BIRTHDAY": "Compleanno",
		"DISPLAY_NAME": "Nome visualizzato",
		"LAST_NAME": "Cognome",
		"FIRST_NAME": "Nome",
		"MIDDLE_NAME": "Middle name",
		"NAME_PREFIX": "Name prefix",
		"NAME_SUFFIX": "Name suffix",
		"NICK_NAME": "Nickname",
		"LABEL_READ_ONLY": "Sola lettura",
		"ADD_MENU_LABEL": "Aggiungi",
		"ADD_MENU_NICKNAME": "Soprannome",
		"ADD_MENU_NOTE": "Note",
		"ADD_MENU_PHONE": "Telefono",
		"ADD_MENU_URL": "URL",
		"ADD_MENU_ADDRESS": "Indirizzo",
		"ADD_MENU_BIRTHDAY": "Compleanno",
		"ADD_MENU_TAGS": "Tag",
		"BUTTON_SHARE_ALL": "Tutti",
		"BUTTON_SYNC": "Sincronizzazione (CardDAV)",
		"SEND_TO_ALL_CONTACT_EMAILS": "Send to all contact emails"
	},
	"COMPOSE": {
		"LINK_SHOW_INPUTS": "Visualizza tutti i campi",
		"BUTTON_SEND": "Invia",
		"BUTTON_MINIMIZE": "Minimizza",
		"SAVED_TIME": "Salvata il %TIME%",
		"SAVED_ERROR_ON_SEND": "Il messaggio è stato inviato ma non è stato salvato nella cartella \"Posta inviata\"",
		"DISCARD_UNSAVED_DATA": "Elimino i dati non salvati?",
		"ATTACH_FILES": "Allega file",
		"ATTACH_DROP_FILES_DESC": "Trascina i file qui",
		"REPLY_MESSAGE_TITLE": "%DATETIME%, %EMAIL% scrive",
		"FORWARD_MESSAGE_TOP_TITLE": "------- Messaggio inoltrato -------",
		"FORWARD_MESSAGE_TOP_SENT": "Inviato il",
		"EMPTY_TO_ERROR_DESC": "Specifica almeno un destinatario",
		"NO_ATTACHMENTS_HERE_DESC": "Nessun allegato.",
		"ATTACHMENTS_ERROR_DESC": "Attenzione! Non tutti gli allegati sono stati caricati.",
		"ATTACHMENTS_UPLOAD_ERROR_DESC": "Non tutti gli allegati sono stati caricati al momento.",
		"ALLOW_SPELLCHECK": "Abilita il controllo ortografico del browser",
		"ALLOW_DRAFT_AUTOSAVE": "Salva automaticamente la bozza",
		"BUTTON_REQUEST_READ_RECEIPT": "Richiedi conferma di lettura",
		"BUTTON_MARK_AS_IMPORTANT": "Marca come importante",
		"BUTTON_REQUEST_DSN": "Richiedi conferma del ricevimento",
		"BUTTON_REQUIRE_TLS": "Require secure delivery",
		"ERROR_EMPTY_BODY": "Il corpo del messaggio è vuoto"
	},
	"POPUPS_ASK": {
		"EXIT_ARE_YOU_SURE": "Sei sicuro di voler chiudere?",
		"DESC_WANT_CLOSE_THIS_WINDOW": "Sei sicuro di voler chiudere questa finestra?",
		"DESC_WANT_DELETE_MESSAGES": "Sei sicuro di voler eliminare il messaggio?"
	},
	"POPUPS_LANGUAGES": {
		"TITLE_LANGUAGES": "Seleziona lingua"
	},
	"POPUPS_ADD_ACCOUNT": {
		"TITLE_ADD_ACCOUNT": "Aggiungo un account",
		"BUTTON_ADD_ACCOUNT": "Aggiungi",
		"TITLE_UPDATE_ACCOUNT": "Aggiorno account"
	},
	"POPUPS_IDENTITY": {
		"TITLE_ADD_IDENTITY": "Aggiungo un'identità",
		"TITLE_UPDATE_IDENTITY": "Aggiorno identità",
		"LABEL": "Label",
		"BUTTON_ADD_IDENTITY": "Aggiungi",
		"SIGNATURE": "Signature",
		"LABEL_SIGNATURE_INSERT_BEFORE": "Inserisci questa firma prima del messaggio citato nelle risposte"
	},
	"POPUPS_CREATE_FOLDER": {
		"TITLE_CREATE_FOLDER": "Creo una cartella",
		"LABEL_PARENT": "Genitore",
		"BUTTON_CREATE": "Crea",
		"TITLE_CREATING_PROCESS": "Creazione cartella..."
	},
	"POPUPS_CLEAR_FOLDER": {
		"TITLE_CLEAR_FOLDER": "Elimino tutti i messaggi dalla cartella?",
		"DANGER_DESC_WARNING": "Attenzione!",
		"DANGER_DESC_HTML_1": "Questa azione eliminerà tutti i messaggi presenti nella cartella <strong>%FOLDER%<\/strong>.",
		"DANGER_DESC_HTML_2": "Una volta iniziato, il processo non può più essere annullato.",
		"TITLE_CLEARING_PROCESS": "Eliminazione cartella..."
	},
	"CRYPTO": {
		"SIGN": "Firma",
		"ENCRYPT": "Criptazione",
		"DECRYPT": "Decriptazione",
		"VERIFY": "Verifica",
		"GOOD_SIGNATURE": "Firma valida da %USER%",
		"ERROR": "Errore di %TYPE%: %ERROR%",
		"CREATE_SELF_SIGNED": "Create self-signed",
		"VALID_UNTIL": "Valid until",
		"PRIVATE_KEY": "Private key",
		"CHANGE_PASS": "Change passphrase",
		"CURRENT_PASS": "Current passphrase",
		"NEW_PASS": "New passphrase",
		"ASK_CRYPTKEY_PASS": "Your login passphrase has changed. Please fill in your old login passphrase to decrypt data"
	},
	"OPENPGP": {
		"POPUP_IMPORT_TITLE": "Importa chiave OpenPGP",
		"POPUP_IMPORT_BUTTON": "Importa",
		"POPUP_VIEW_TITLE": "Visualizza chiave OpenPGP",
		"POPUP_VIEW_BUTTON": "Seleziona tutto",
		"POPUP_GENERATE_TITLE": "Genera chiavi OpenPGP",
		"POPUP_GENERATE_BUTTON": "Genera",
		"LABEL_KEY_TYPE": "Type",
		"SIGNED_MESSAGE": "Messaggio firmato con OpenPGP",
		"ENCRYPTED_MESSAGE": "Messaggio cifrato con OpenPGP",
		"STORE_IN_GNUPG": "Salva nel server in GnuPG",
		"STORE_PUBLIC_KEY_IN_GNUPG": "Store public key on server in GnuPG",
		"STORE_PRIVATE_KEY_IN_GNUPG": "Store private key on server in GnuPG",
		"BACKUP_ON_SERVER": "Salvataggio (criptato) sul server",
		"BACKUP_PUBLIC_KEY_ON_SERVER": "Backup public key on server",
		"BACKUP_PRIVATE_KEY_ON_SERVER": "Backup private key on server"
	},
	"SMIME": {
		"POPUP_IMPORT_TITLE": "Import S\/MIME certificate",
		"CERTIFICATE": "Certificate",
		"CERTIFICATES": "S\/MIME Certificates",
		"SIGNED_MESSAGE": "Messaggio firmato con S\/MIME",
		"ENCRYPTED_MESSAGE": "Messaggio cifrato con S\/MIME",
		"PRIVATE_KEY_OF": "S\/MIME private key of %EMAIL%"
	},
	"POPUPS_FILTER": {
		"TITLE_CREATE_FILTER": "Creo un filtro",
		"TITLE_EDIT_FILTER": "Aggiorno il filtro",
		"LEGEND_CONDITIONS": "Condizioni",
		"LEGEND_ACTIONS": "Azioni",
		"BUTTON_ADD_CONDITION": "Aggiungi una condizione",
		"SELECT_ACTION_MOVE_TO": "Sposta in",
		"SELECT_ACTION_FORWARD_TO": "Inoltra a",
		"SELECT_ACTION_REJECT": "Rifiuta",
		"SELECT_ACTION_VACATION_MESSAGE": "Messaggio fuori-ufficio",
		"SELECT_ACTION_DISCARD": "Scarta",
		"SELECT_FIELD_RECIPIENTS": "Destinatari (A oppure CC)",
		"SELECT_FIELD_HEADER": "Intestazione",
		"SELECT_FIELD_BODY": "Corpo",
		"SELECT_FIELD_SIZE": "Dimensione",
		"SELECT_TYPE_CONTAINS": "Contiene",
		"SELECT_TYPE_NOT_CONTAINS": "Non contiene",
		"SELECT_TYPE_MATCHES": "Corrisponde (* e ? supportati)",
		"SELECT_TYPE_NOT_MATCHES": "Non corrisponde (* e ? supportati)",
		"SELECT_TYPE_REGEXP": "Corrisponde Regexp",
		"SELECT_TYPE_NOT_REGEXP": "Non corrisponde regexp",
		"SELECT_TYPE_EQUAL_TO": "Uguale a",
		"SELECT_TYPE_NOT_EQUAL_TO": "Non uguale a",
		"SELECT_TYPE_OVER": "Maggiore di",
		"SELECT_TYPE_UNDER": "Minore di",
		"SELECT_TYPE_TEXT": "Testo",
		"SELECT_TYPE_RAW": "Raw",
		"SELECT_MATCH_ANY": "Corrisponde ad una delle seguenti regole",
		"SELECT_MATCH_ALL": "Corrisponde a tutte le seguenti regole",
		"MARK_AS_READ_LABEL": "Marca come letto",
		"REPLY_INTERVAL_LABEL": "Intervallo di risposta (giorni)",
		"KEEP_LABEL": "Mantieni",
		"STOP_LABEL": "Interrompi l'utilizzo di ulteriori regole",
		"VACATION_SUBJECT_LABEL": "Oggetto (opzionale)",
		"VACATION_MESSAGE_LABEL": "Messaggio",
		"VACATION_RECIPIENTS_LABEL": "Destinatari (separati da virgola)",
		"REJECT_MESSAGE_LABEL": "Rifiuta messagio",
		"ALL_INCOMING_MESSAGES_DESC": "Tutti i messaggi in ingresso"
	},
	"POPUPS_SIEVE_SCRIPT": {
		"TITLE_CREATE": "Crea Script",
		"TITLE_EDIT": "Modifica Script",
		"BUTTON_ADD_FILTER": "Aggiungi un filtro",
		"BUTTON_RAW_SCRIPT": "Utilizza script personalizzato dell'utente",
		"CAPABILITY_LABEL": "Capacità",
		"CHANGES_NEED_TO_BE_SAVED_DESC": "Queste modifiche devono essere salvate nel server."
	},
	"POPUPS_SYSTEM_FOLDERS": {
		"TITLE_SYSTEM_FOLDERS": "Imposta le cartelle di sistema",
		"SELECT_CHOOSE_ONE": "Selezionane una",
		"SELECT_UNUSE_NAME": "Non usarla",
		"NOTIFICATION_SENT": "Non hai selezionato una cartella di sistema per la posta inviata.\nSe non vuoi salvare i messaggi inviati seleziona \"Non usarla\".",
		"NOTIFICATION_DRAFTS": "Non hai selezionato una cartella di sistema per le bozze.",
		"NOTIFICATION_SPAM": "Non hai selezionato una cartella di sistema per i messaggi spam.\nSe li vuoi eliminare permanentemente seleziona \"Non usarla\".",
		"NOTIFICATION_TRASH": "Non hai selezionato una cartella di sistema per il cestino.\nSe non lo vuoi usare (e quindi eliminare i messaggi permanentemente) seleziona \"Non usarla\".",
		"NOTIFICATION_ARCHIVE": "Non hai selezionato una cartella di sistema per i messaggi archiviati."
	},
	"TITLES": {
		"MAILBOX": "Casella di posta",
		"SETTINGS": "Impostazioni"
	},
	"UPLOAD": {
		"ERROR_FILE_IS_TOO_BIG": "Il file è troppo grande",
		"ERROR_FILE_PARTIALLY_UPLOADED": "Il file è stato caricato solo parzialmente per un motivo sconosciuto",
		"ERROR_NO_FILE_UPLOADED": "Nessun file è stato caricato",
		"ERROR_MISSING_TEMP_FOLDER": "Il file temporaneo non è presente",
		"ERROR_ON_SAVING_FILE": "Si è verificato un errore sconosciuto durante il caricamento del file",
		"ERROR_FILE_TYPE": "Il tipo di file non è valido",
		"ERROR_UNKNOWN": "Si è verificato un errore sconosciuto durante il caricamento del file"
	},
	"EDITOR": {
		"PLAIN": "HTML <-> Testo semplice",
		"SOURCE": "HTML <-> Sorgente",
		"FONTFAMILY": "Font family",
		"FONTSIZE": "Font size",
		"DIR": "Text direction",
		"DIR_LTR": "Left to right",
		"DIR_RTL": "Right to left",
		"DIR_AUTO": "Automatic",
		"TEXTCOLOR": "Text color",
		"BACKGROUNDCOLOR": "Background color",
		"BOLD": "Bold",
		"ITALIC": "Italic",
		"UNDERLINE": "Underline",
		"STRIKE": "Strikethrough",
		"SUB": "Subscript",
		"SUP": "Superscript",
		"OL": "Ordered list",
		"UL": "Unordered list",
		"QUOTE": "Blockquote",
		"INDENTDECREASE": "Decrease indent",
		"INDENTINCREASE": "Increase indent",
		"LINK": "Link",
		"IMAGEURL": "Image URL",
		"IMAGEUPLOAD": "Image select",
		"UNDO": "Undo",
		"REDO": "Redo",
		"REMOVESTYLE": "Remove style"
	},
	"SETTINGS_LABELS": {
		"GENERAL": "Generali",
		"CONTACTS": "Contatti",
		"FOLDERS": "Cartelle",
		"ACCOUNTS": "Account",
		"FILTERS": "Filtri",
		"SECURITY": "Sicurezza",
		"THEMES": "Temi"
	},
	"SETTINGS_FILTERS": {
		"SIMPLE": "Semplice",
		"ADVANCED": "Avanzato",
		"BUTTON_ADD_SCRIPT": "Aggiungi uno script",
		"SUBNAME_MOVE_TO": "Sposta in \"%FOLDER%\"",
		"SUBNAME_FORWARD_TO": "Inoltra a \"%EMAIL%\"",
		"SUBNAME_REJECT": "Rifiuta",
		"SUBNAME_VACATION_MESSAGE": "Messaggio fuori-ufficio",
		"SUBNAME_DISCARD": "Scarta"
	},
	"SETTINGS_SECURITY": {
		"LEGEND_SECURITY": "Sicurezza",
		"LABEL_AUTOLOGOUT": "Disconnessione automatica",
		"FORGET_KEY_PASS": "Forget private key passphrase",
		"NEVER": "Mai"
	},
	"SETTINGS_GENERAL": {
		"LANGUAGE": "Lingua",
		"HOUR_FORMAT": "Formato orario",
		"IDENTITY": "Identità",
		"LAYOUT": "Struttura",
		"LAYOUT_NO_SPLIT": "A pagina intera",
		"LAYOUT_VERTICAL_SPLIT": "Divisione verticale",
		"LAYOUT_HORIZONTAL_SPLIT": "Divisione orizzontale",
		"SHOW_NEXT_MESSAGE": "Vai al prossimo messaggio dopo la eliminazione\/spostamento dell'attuale",
		"EDITOR": "Editor di testo predefinito",
		"EDITOR_HTML": "HTML",
		"EDITOR_PLAIN": "Testo semplice",
		"VIEW_OPTIONS": "Impostazioni di visualizzazione",
		"USE_PREVIEW_PANE": "Mostra l'anteprima del messaggio",
		"HIDE_DELETED_MESSAGES": "Nascondi i messaggi contrassegnati per l'eliminazione",
		"USE_CHECKBOXES_IN_LIST": "Mostra le caselle di spunta nella lista",
		"USE_THREADS": "Usa le conversazioni",
		"THREAD_ALGORITHM": "Threads algorithm",
		"REPLY_SAME_FOLDER": "Posiziona le risposte nella cartella del messaggio a cui si è risposto",
		"PREFER_HTML": "Usa HTML predefinito anziché formato testo",
		"PREFER_HTML_INFO": "Il messaggio a volte contiene entrambi i formati. Questa opzione agisce sulla visualizzazione del messaggio in HTML o della versione in formato testo.",
		"REMOVE_COLORS": "Rimuovi lo sfondo e i colori del testo dal messaggio",
		"ALLOW_STYLES": "Consenti formattazioni estese all'interno del messaggio (CSS <style>)",
		"MESSAGE_PER_PAGE": "Messaggi per pagina",
		"CHECK_MAIL_INTERVAL": "Controlla nuove mail ogni",
		"MARK_MESSAGE_READ_AFTER": "Contrassegna il messaggio come letto dopo",
		"MSG_DEFAULT_ACTION": "Azione di default",
		"SECONDS": "secondi",
		"MINUTES": "minuti",
		"NOTIFICATIONS": "Notifiche",
		"SOUND_NOTIFICATION": "Notifica sonora",
		"CHROME_NOTIFICATION_DESC": "Mostra le notifiche in caso di nuovi messaggi",
		"CHROME_NOTIFICATION_DESC_DENIED": "(Bloccate dal browser)",
		"COLLAPSE_BLOCKQUOTES": "Nascondi testo quotato",
		"MAX_QUOTE_LEVEL": "Livelli massimi visibilità testo quotato",
		"LIST_INLINE_ATTACHMENTS": "Visualizza lista degli allegati in linea",
		"LIST_SIMPLE_ATTACHMENTS": "Lista semplice allegati",
		"LIST_MESSAGES_GROUPED": "Lista messaggi raggruppati (quando riordinati per data o mittente)",
		"EXTERNAL_IMAGES": "External images",
		"IMAGES_OPTION_ASK": "Chiedi sempre",
		"IMAGES_OPTION_WHITELIST": "Usa whitelist o chiedi",
		"IMAGES_OPTION_ALWAYS": "Visualizza sempre",
		"IMAGES_WHITELIST": "Whitelist per immagini",
		"MESSAGE_POPUP_WINDOW": "Popup in new window instead of tab",
		"MAILTO": "Register as 'mailto:' links handler",
		"HTML_TO_MD": "Convert HTML to Markdown instead of plain text"
	},
	"SETTINGS_CONTACTS": {
		"LABEL_CONTACTS_AUTOSAVE": "Aggiungi automaticamente le persone che ti inviano mail alla rubrica",
		"LEGEND_CONTACTS_SYNC": "Sincronizzazione remota (CardDAV)",
		"LABEL_CONTACTS_SYNC_ENABLE": "Abilita sincronizzazione remota",
		"LABEL_CONTACTS_SYNC_SERVER": "Server",
		"LABEL_CONTACTS_SYNC_AB_URL": "Indirizzo della rubrica",
		"LABEL_CONTACTS_SYNC_USER": "Utente",
		"SYNC_READ": "Sola lettura"
	},
	"SETTINGS_THEMES": {
		"LEGEND_THEMES": "Temi",
		"LABEL_BACKGROUND": "Sfondo",
		"LABEL_FONTS": "Fonts",
		"BUTTON_UPLOAD_BACKGROUND_IMAGE": "Carica immagine di sfondo (.jpg o .png)",
		"ERROR_FILE_IS_TOO_BIG": "Il file è più grande di 1MB",
		"ERROR_FILE_TYPE_ERROR": "Tipo di file invalido (solo .jpg o .png)",
		"ERROR_UNKNOWN": "Si è verificato un errore sconosciuto durante il caricamento del file"
	},
	"SETTINGS_FOLDERS": {
		"LEGEND_FOLDERS": "Lista delle cartelle",
		"BUTTON_CREATE": "Crea una cartella",
		"BUTTON_SYSTEM": "Cartelle di sistema",
		"BUTTON_SUBSCRIBE": "Sottoscrivi",
		"BUTTON_UNSUBSCRIBE": "Rimuovi sottoscrizione",
		"LOADING_PROCESS": "Aggiornamento della lista delle cartelle...",
		"CREATING_PROCESS": "Creazione cartella...",
		"DELETING_PROCESS": "Eliminazione cartella...",
		"RENAMING_PROCESS": "Rinomina cartella...",
		"TO_MANY_FOLDERS_DESC_1": "Ci sono troppe cartelle!",
		"TO_MANY_FOLDERS_DESC_2": "Vengono visualizzate solo una parte per evitare problemi di performance.",
		"HELP_DELETE_FOLDER": "Cancella cartella",
		"HELP_SHOW_HIDE_FOLDER": "Mostra\/nascondi cartella",
		"HELP_CHECK_FOR_NEW_MESSAGES": "Controlla la presenza di nuovi messaggi",
		"HIDE_UNSUBSCRIBED": "Nascondi le cartelle non sottoscritte",
		"UNHIDE_KOLAB_FOLDERS": "Rendi visibili le cartelle Kolab",
		"TYPE_CALENDAR": "Calendario",
		"TYPE_CONFIGURATION": "Configurazione",
		"TYPE_CONTACTS": "Contatti",
		"TYPE_FILES": "File",
		"TYPE_JOURNAL": "Journal",
		"TYPE_NOTES": "Note",
		"TYPE_TASKS": "Task"
	},
	"SETTINGS_ACCOUNTS": {
		"LEGEND_ACCOUNTS": "Lista degli account",
		"LEGEND_IDENTITIES": "Identità",
		"LEGEND_ACCOUNTS_AND_IDENTITIES": "Account ed identità",
		"BUTTON_ADD_ACCOUNT": "Aggiungi account",
		"BUTTON_ADD_IDENTITY": "Aggiungi identità",
		"LOADING_PROCESS": "Aggiornamento della lista degli account...",
		"SHOW_UNREAD": "Visualizza il numero di messaggi non letti dei account"
	},
	"SETTINGS_OPENPGP": {
		"BUTTON_IMPORT_KEY": "Importa chiave",
		"BUTTON_GENERATE_KEY_PAIR": "Genera chiave",
		"IMPORT_FROM_SERVER": "Import from server",
		"TITLE_PRIVATE": "Privata",
		"TITLE_PUBLIC": "Pubblica",
		"GET_MAILVELOPE": "Installa l'estensione browser Mailvelope."
	},
	"SHORTCUTS_HELP": {
		"LEGEND_SHORTCUTS_HELP": "Aiuto sulle scorciatoie da tastiera",
		"TAB_MAILBOX": "Casella di posta",
		"TAB_MESSAGE_LIST": "Lista messaggi",
		"TAB_MESSAGE_VIEW": "Lettura messaggio",
		"TAB_COMPOSE": "Scrittura messaggio",
		"LABEL_OPEN_USER_DROPDOWN": "Apri menu utente",
		"LABEL_REPLY": "Rispondi",
		"LABEL_REPLY_ALL": "Rispondi a tutti",
		"LABEL_FORWARD": "Inoltra",
		"LABEL_FORWARD_MULTIPLY": "Inoltro multiplo",
		"LABEL_CHECK_ALL": "Seleziona tutti i messaggi",
		"LABEL_DELETE": "Elimina messaggio",
		"LABEL_OPEN_THREAD": "Apri la conversazione selezionata",
		"LABEL_MOVE": "Sposta messaggio",
		"LABEL_READ": "Marca come letti i messaggi selezionati",
		"LABEL_UNREAD": "Marca come non letti i messaggi selezionati",
		"LABEL_IMPORTANT": "Marca importanti o preferiti\/non preferiti i messaggi selezionati",
		"LABEL_CANCEL_SEARCH": "Annulla ricerca",
		"LABEL_FULLSCREEN_ENTER": "Schermo intero (con anteprima messaggi)",
		"LABEL_VIEW_MESSAGE_ENTER": "Visualizza messaggio (senza anteprima messaggi)",
		"LABEL_SWITCH_TO_MESSAGE": "Sposta la selezione sul messaggio corrente",
		"LABEL_SWITCH_TO_FOLDER_LIST": "Sposta la selezione sulla lista delle cartelle",
		"LABEL_FULLSCREEN_TOGGLE": "Attiva\/disattiva la modalità a schermo intero",
		"LABEL_BLOCKQUOTES_TOGGLE": "Mostra\/nascondi le citazioni",
		"LABEL_THREAD_NEXT": "Prossimo messaggio nella conversazione",
		"LABEL_THREAD_PREV": "Messaggio precedente nella conversazione",
		"LABEL_EXIT_FULLSCREEN": "Esci dalla modalità a schermo intero",
		"LABEL_CLOSE_MESSAGE": "Chiudi messaggio (senza anteprima messaggi)",
		"LABEL_SWITCH_TO_LIST": "Sposta la selezione sulla lista messaggi",
		"LABEL_OPEN_COMPOSE_POPUP": "Apri finestra di scrittura",
		"LABEL_MINIMIZE_COMPOSE_POPUP": "Minimizza finestra di scrittura",
		"LABEL_OPEN_IDENTITIES_DROPDOWN": "Apri il menu di selezione delle identità",
		"LABEL_SAVE_MESSAGE": "Salva messaggio",
		"LABEL_SEND_MESSAGE": "Invia messaggio",
		"LABEL_CLOSE_COMPOSE": "Chiudi finestra di scrittura"
	},
	"NOTIFICATIONS": {
		"RequestError": "Richiesta fallita",
		"RequestAborted": "Richiesta annullata",
		"RequestTimeout": "Richiesta scaduta",
		"InvalidToken": "Token invalido",
		"AuthError": "Autenticazione fallita",
		"ConnectionError": "Impossibile connettersi al server",
		"DomainAlreadyExists": "Il dominio esiste già",
		"DomainNotAllowed": "Il dominio non è autorizzato",
		"AccountNotAllowed": "L'account non è autorizzato",
		"CryptKeyError": "Your login passphrase has changed",
		"ContactsSyncError": "Errore durante la sincronizzazione dei contatti",
		"CantGetMessageList": "Impossibile ottenere la lista dei messaggi",
		"CantGetMessage": "Impossibile caricare il messaggio",
		"CantDeleteMessage": "Impossibile eliminare il messaggio",
		"CantCopyMessage": "Impossibile copiare il messaggio",
		"CantMoveMessage": "Impossibile spostare il messaggio",
		"CantSaveMessage": "Impossibile salvare il messaggio",
		"CantSendMessage": "Impossibile inviare il messaggio",
		"InvalidRecipients": "Destinatario non valido",
		"CantSaveFilters": "Impossibile salvare i filtri",
		"CantGetFilters": "Impossibile caricare i filtri",
		"CantActivateFiltersScript": "Impossibile attivare i filtri script",
		"CantDeleteFiltersScript": "Impossibile eliminare i filtri script",
		"FiltersAreNotCorrect": "I filtri non sono corretti",
		"CantCreateFolder": "Impossibile creare la cartella",
		"CantRenameFolder": "Impossibile rinominare la cartella",
		"CantDeleteFolder": "Impossibile eliminare la cartella",
		"CantDeleteNonEmptyFolder": "Impossibile eliminare una cartella non vuota",
		"CantSubscribeFolder": "Impossibile sottoscrivere la cartella",
		"CantUnsubscribeFolder": "Impossibile rimuovere la sottoscrizione alla cartella",
		"DemoSendMessageError": "Per ragioni di sicurezza, questa demo non è abilitata ad inviare email ad inidirizzi esterni",
		"DemoAccountError": "Per ragioni di sicurezza, questo account non è autorizzato ad effettuare questa operazione!",
		"AccountAlreadyExists": "L'account esiste già",
		"AccountDoesNotExist": "L'account non esiste",
		"AccountSwitchFailed": "Passaggio all'account \"%EMAIL%\" fallito",
		"MailServerError": "Si è verificato un errore nel server mail",
		"InvalidInputArgument": "Argomento non valido",
		"UnknownError": "Errore sconosciuto"
	}
}
