{
	"BACK_LINK": "새로고침",
	"NO_SCRIPT_TITLE": "이 어플리케이션에는 자바스크립트가 필요합니다",
	"NO_SCRIPT_DESC": "사용 중인 브라우저가 자바스크립트를 지원하지 않습니다. 브라우저 설정을 확인하여 자바스크립트 사용을 활성화하고 다시 시도해주세요.",
	"NO_COOKIE_TITLE": "이 어플리케이션을 사용하려면 쿠키 사용이 지원되야 합니다.",
	"NO_COOKIE_DESC": "사용 중인 브라우저가 쿠키를 지원하지 않습니다. 브라우저 설정을 확인하여 쿠키 사용을 활성화하고 다시 시도해주세요.",
	"BAD_BROWSER_TITLE": "사용 중인 브라우저가 구버전입니다.",
	"BAD_BROWSER_DESC": "이 어플리케이션을 정상적으로 사용하시려면 아래의 브라우저들 중 하나를 설치해주세요:"
}
