{
	"BACK_LINK": "بارگذاری مجدد",
	"NO_SCRIPT_TITLE": "جاوا‌اسکریپت برای این برنامه مورد نیاز است.",
	"NO_SCRIPT_DESC": "پشتیبانی از جاوااسکریپت در مرورگر شما وجود ندارد.\nلطفا پشتیبانی از جاوا‌اسکریپت را در تنظیمات مرورگر خود فعال کنید و مجددا تلاش کنید.\n",
	"NO_COOKIE_TITLE": "Cookie باید بر روی مرورگر شما جهت استفاده از برنامه فعال باشد.",
	"NO_COOKIE_DESC": "پشتیبانی از Cookie در مرورگر شما فعال نیست.\nلطفا Cookie را در تنظیمات مرورگر خود فعال کنید و مجددا تلاش کنید.\n",
	"BAD_BROWSER_TITLE": "نسخه مرورگر شما قدیمی است.",
	"BAD_BROWSER_DESC": "برای استفاده از تمام قابلیتهای برنامه،\nیکی از مرورگرهای زیر را دریافت و نصب کنید.\n"
}
