{
	"BACK_LINK": "Обновить",
	"NO_SCRIPT_TITLE": "Для работы приложения необходим JavaScript.",
	"NO_SCRIPT_DESC": "По-видимому, JavaScript либо не поддерживается вашим браузером, либо отключен.\nВключите JavaScript, изменив настройки браузера, затем повторите попытку.\n",
	"NO_COOKIE_TITLE": "Для работы приложения необходимы Cookie.",
	"NO_COOKIE_DESC": "По-видимому, Cookie либо не поддерживаются вашим браузером, либо отключены.\nВключите Cookie, изменив настройки браузера, затем повторите попытку.\n",
	"BAD_BROWSER_TITLE": "Ваш браузер устарел.",
	"BAD_BROWSER_DESC": "Чтобы использовать все возможности приложения,\nзагрузите и установите один из этих браузеров\n"
}
