{
	"LANG_DIR": "ltr",
	"GLOBAL": {
		"TO_ARCHIVE": "Archivace",
		"ARE_YOU_SURE": "Jste si jisti?",
		"BACK": "Zpět",
		"BCC": "Skrytá kopie",
		"CANCEL": "Zrušit",
		"CC": "Kopie",
		"CLEAR": "Vyčistit",
		"CLOSE": "Zavřít (Esc)",
		"CONTACTS": "Adresář",
		"DELETE": "Odstranit",
		"UNDELETE": "Obnovit",
		"DONE": "Dokončit",
		"EMAIL": "Email",
		"FROM": "Odesílatel",
		"LOADING": "Načítám...",
		"LOGOUT": "Odhlásit",
		"MORE": "Více",
		"MOVE_TO": "Přesunout do",
		"COPY_TO": "Kopírovat do",
		"NAME": "Přijaté",
		"NONE": "Žádný",
		"TO_SPAM": "Přesunout zprávu(y) do spamu",
		"NOT_SPAM": "Není to spam",
		"USERNAME": "Uživatelské jméno",
		"PASSWORD": "Heslo",
		"REMEMBER": "Zapamatovat",
		"REPLY_TO": "Adresa odpovědi",
		"SAVE": "Uložit",
		"SAVE_CHANGES": "Uložit změny?",
		"SEARCH": "Nebyly nalezeny žádné kontakty",
		"SPAM": "Spam",
		"SUBJECT": "Předmět",
		"TEST": "Test",
		"TO": "Příjemce",
		"SERVER_MESSAGE": "Zpráva serveru",
		"YES": "Ano",
		"NO": "Ne",
		"INACTIVE": "Neaktivní",
		"DEFAULT": "Výchozí",
		"HELP": "Nápověda",
		"TEXT": "Text",
		"ATTACHMENTS": "Přílohy"
	},
	"LOGIN": {
		"LABEL_LOGIN": "Uživatelské jméno",
		"LABEL_SIGN_ME": "Zapamatovat",
		"BUTTON_SIGN_IN": "Přihlásit"
	},
	"TOP_TOOLBAR": {
		"BUTTON_ADD_ACCOUNT": "Přidat účet"
	},
	"SEARCH": {
		"TITLE_ADV": "Rozšířené hledání",
		"TEXT": "Text",
		"HAS_ATTACHMENT": "S přílohou",
		"FLAGGED": "Označené hvězdičkou",
		"UNSEEN": "Nepřečtené",
		"DATE": "Datum",
		"DATE_ALL": "Kdykoliv",
		"BEFORE_3_DAYS": "Starší než 3 dny",
		"BEFORE_7_DAYS": "Starší než 1 týden",
		"BEFORE_MONTH": "Starší než 1 měsíc",
		"BEFORE_3_MONTHS": "Starší než 3 měsíce",
		"BEFORE_6_MONTHS": "Starší než 6 měsíců",
		"BEFORE_YEAR": "Starší než 1 rok",
		"SINCE_3_DAYS": "Ne starší než 3 dny",
		"SINCE_7_DAYS": "Ne starší než týden",
		"SINCE_MONTH": "Ne starší než měsíc",
		"SINCE_3_MONTHS": "Ne starší než 3 měsíce",
		"SINCE_6_MONTHS": "Ne starší než 6 měsíců",
		"SINCE_YEAR": "Ne starší než 1 rok",
		"SUBFOLDERS": "Podsložky",
		"SUBFOLDERS_NONE": "Žádné",
		"SUBFOLDERS_SUBTREE": "Všechny",
		"SUBFOLDERS_SUBTREE_ONE": "Jedna úroveň",
		"REPLIED": "Odpovězeno",
		"KEYWORD": "Tag"
	},
	"FOLDER_LIST": {
		"BUTTON_COMPOSE": "Vytvořit",
		"BUTTON_NEW_MESSAGE": "Nová zpráva",
		"INBOX_NAME": "Přijaté",
		"SENT_NAME": "Odeslané",
		"DRAFTS_NAME": "Koncepty",
		"TRASH_NAME": "Koš",
		"ARCHIVE_NAME": "Archiv"
	},
	"IMAP": {
		"ACL_RIGHTS": "Oprávnění",
		"ACL_A": "Spravovat",
		"ACL_E": "Vymazat",
		"ACL_I": "Vkládat zprávy",
		"ACL_K": "Vytvářet podsložky",
		"ACL_L": "Zobrazit zprávy",
		"ACL_P": "Odesílat poštu",
		"ACL_R": "Vybrat složku",
		"ACL_S": "\\SEEN značka",
		"ACL_T": "\\DELETED značka",
		"ACL_W": "Ostatní značky",
		"ACL_X": "Smazat/Přejmenovat složku"
	},
	"MESSAGE_LIST": {
		"BUTTON_RELOAD": "Obnovit seznam zpráv",
		"BUTTON_EMPTY_FOLDER": "Vyprázdnit složku",
		"BUTTON_MULTY_FORWARD": "Přeposlat zprávy",
		"BUTTON_DELETE_WITHOUT_MOVE": "Navždy odstranit",
		"MENU_SET_SEEN": "Označit jako přečtené",
		"MENU_SET_ALL_SEEN": "Označit vše jako přečtené",
		"MENU_UNSET_SEEN": "Označit jako nepřečtené",
		"MENU_SET_FLAG": "Označit hvězdičkou",
		"MENU_UNSET_FLAG": "Zrušit označení hvězdičkou",
		"MENU_SELECT_ALL": "Vše",
		"MENU_SELECT_INVERT": "Invertovat",
		"MENU_SELECT_UNSEEN": "Nepřečtené",
		"MENU_SELECT_SEEN": "Přečtené",
		"MENU_SELECT_FLAGGED": "Označené",
		"MENU_SELECT_UNFLAGGED": "Neoznačené",
		"DOWNLOAD_ALL_ATTACHMENTS": "Stáhnout všechny přílohy",
		"EMPTY_LIST": "Seznam je prázdný",
		"EMPTY_SEARCH_LIST": "Vašemu vyhledávání neodpovídají žádné zprávy.",
		"SEARCH_RESULT_FOR": "Výsledky vyhledávání pro \"%SEARCH%\"",
		"BACK_TO_MESSAGE_LIST": "Zpět na seznam zpráv",
		"PUT_MESSAGE_HERE": "Přesuňte zprávu sem pro její zobrazení v seznamu",
		"TODAY_AT": "Dnes v %TIME%",
		"YESTERDAY_AT": "Včera v %TIME%",
		"NEW_MESSAGE_NOTIFICATION": "Máte %COUNT% nových zpráv!",
		"QUOTA_SIZE": "Používáte <strong>%SIZE% (%PROC%%)<\/strong> z vašich <strong>%LIMIT%<\/strong>",
		"SORT": "Seřadit",
		"NO_SORT": "Server nepodporuje řazení",
		"SORT_DATE_ASC": "Datum vzestupně",
		"SORT_DATE_DESC": "Datum sestupně",
		"SORT_SIZE_ASC": "Velikost vzestupně",
		"SORT_SIZE_DESC": "Velikost sestupně",
		"SORT_SUBJECT_ASC": "Předmět A-Z",
		"SORT_SUBJECT_DESC": "Předmět Z-A",
		"SORT_FROM_ASC": "Od A-Z",
		"SORT_FROM_DESC": "Od Z-A"
	},
	"MESSAGE": {
		"BUTTON_EDIT": "Editovat",
		"BUTTON_UNSUBSCRIBE": "Odhlásit se z odběru",
		"BUTTON_REPLY": "Odpovědět",
		"BUTTON_REPLY_ALL": "Odpovědět všem",
		"BUTTON_FORWARD": "Přeposlat",
		"BUTTON_FORWARD_AS_ATTACHMENT": "Přeposlat jako přílohu",
		"BUTTON_EDIT_AS_NEW": "Použit jako šablonu",
		"BUTTON_SHOW_IMAGES": "Zobrazit externí obrázky",
		"BUTTON_NOTIFY_READ_RECEIPT": "Odesílatel požádal o potvrzení přečtení této zprávy.",
		"BUTTON_IN_NEW_WINDOW": "Zobrazit v novém okně",
		"BUTTON_THREAD_LIST": "Konverzace",
		"BUTTON_THREAD_PREV": "Předchozí",
		"BUTTON_THREAD_NEXT": "Další",
		"BUTTON_THREAD_MORE": "Více zpráv",
		"MENU_HEADERS": "Zobrazit hlavičku zprávy",
		"MENU_VIEW_ORIGINAL": "Zobrazit zdroj",
		"HTML_VIEW": "Zobrazit HTML zprávu",
		"PLAIN_VIEW": "Zobrazit prostý text",
		"SWAP_COLORS": "Prohodit výchozí barvy (pozadí)",
		"MENU_DOWNLOAD_ORIGINAL": "Stáhnout jako soubor .eml",
		"MENU_FILTER_SIMILAR": "Filtrovat zprávy jako tato",
		"MENU_PRINT": "Tisknout",
		"EMPTY_SUBJECT_TEXT": "(Bez předmětu)",
		"LABEL_DATE": "Datum",
		"LABEL_FROM_SHORT": "Od",
		"LABEL_TO_SHORT": "Komu",
		"PRINT_LABEL_ATTACHMENTS": "Přílohy",
		"MESSAGE_VIEW_DESC": "Vyberte zprávu ze seznamu pro její zobrazení zde.",
		"MESSAGE_VIEW_MOVE_DESC": "Vyberte cílovou složku v levém panelu.",
		"LINK_DOWNLOAD_AS_ZIP": "Stáhnout jako zip",
		"SPAM_SCORE": "Spam skóre",
		"HAS_VIRUS_WARNING": "VAROVÁNÍ: detekován virus",
		"TAGS": "Tagy",
		"NEW_TAG": "Nový tag",
		"ENABLE_TRACKING_LINKS": "Povolit sledování odkazů",
		"TRACKING_ENABLED": "Odkazy jsou nyní při kliknutí sledovány!"
	},
	"MESSAGE_TAGS": {
		"$important": "Důležité",
		"$todo": "Úkol",
		"$label1": "Důležité",
		"$label2": "Práce",
		"$label3": "Osobní",
		"$label4": "Úkol",
		"$label5": "Později"
	},
	"READ_RECEIPT": {
		"SUBJECT": "Potvrzení o zobrazení zprávy - %SUBJECT%",
		"BODY": "Toto je potvrzení o zaslání emailu na adresu %READ-RECEIPT%.\n\nPoznámka: Toto potvrzení zajišťuje, že zpráva byla zobrazena v poštovní schránce příjemce. Nezajišťuje, že ji příjemce četl a rozuměl jí.\n"
	},
	"SUGGESTIONS": {
		"SEARCHING_DESC": "Hledám..."
	},
	"CONTACTS": {
		"TAB_CONTACT": "Kontakt",
		"TAB_LOCATIONS": "Umístění",
		"TAB_BUSINESS": "Firma",
		"LABEL_ORGANIZATION": "Organizace",
		"LABEL_DEPARTMENT": "Oddělení",
		"LABEL_TITLE": "Titul",
		"TAB_CRYPTO": "Šifrování",
		"ASK": "Zeptat se",
		"NEVER": "Nikdy",
		"ALWAYS": "Vždy",
		"ALWAYS_IF_POSSIBLE": "Vždy když je to možné",
		"BUTTON_ADD_CONTACT": "Přidat kontakt",
		"BUTTON_CREATE_CONTACT": "Vytvořit",
		"BUTTON_IMPORT": "Importovat (csv, vcf, vCard)",
		"BUTTON_EXPORT_VCARD": "Exportovat (vcf, vCard)",
		"BUTTON_EXPORT_CSV": "Exportovat (csv)",
		"ERROR_IMPORT_FILE": "Chyba importu (nesprávný formát souboru)",
		"EMPTY_LIST": "Nemáte žádné kontakty",
		"EMPTY_SEARCH": "Nebyly nalezeny žádné kontakty",
		"CLEAR_SEARCH": "Smazat vyhledávání",
		"CONTACT_VIEW_DESC": "Vyberte kontakt ze seznamu pro zobrazení zde.",
		"LABEL_BIRTHDAY": "Narozeniny",
		"DISPLAY_NAME": "Zobrazované jméno",
		"LAST_NAME": "Příjmení",
		"FIRST_NAME": "Jméno",
		"MIDDLE_NAME": "Prostřední jméno",
		"NAME_PREFIX": "Titul před",
		"NAME_SUFFIX": "Titul za",
		"NICK_NAME": "Přezdívku",
		"LABEL_READ_ONLY": "Jen pro čtení",
		"ADD_MENU_LABEL": "Přidat",
		"ADD_MENU_NICKNAME": "Přezdívka",
		"ADD_MENU_NOTE": "Poznámka",
		"ADD_MENU_PHONE": "Telefon",
		"ADD_MENU_URL": "URL",
		"ADD_MENU_ADDRESS": "Adresa",
		"ADD_MENU_BIRTHDAY": "Narozeniny",
		"ADD_MENU_TAGS": "Tagy",
		"BUTTON_SHARE_ALL": "Vše",
		"BUTTON_SYNC": "Synchronizace (CardDAV)",
		"SEND_TO_ALL_CONTACT_EMAILS": "Poslat na všechny emailové adresy kontaktu"
	},
	"COMPOSE": {
		"LINK_SHOW_INPUTS": "zobrazit všechna pole",
		"BUTTON_SEND": "Odeslat",
		"BUTTON_MINIMIZE": "Minimalizovat",
		"SAVED_TIME": "Uložené v %TIME%",
		"SAVED_ERROR_ON_SEND": "Zpráva byla odeslána, ale nebyla uložená do složky odeslaných zpráv.",
		"DISCARD_UNSAVED_DATA": "Neuložit změny?",
		"ATTACH_FILES": "Připojit soubory",
		"ATTACH_DROP_FILES_DESC": "Soubory přetáhněte sem",
		"REPLY_MESSAGE_TITLE": "%DATETIME%, %EMAIL% napsal",
		"FORWARD_MESSAGE_TOP_TITLE": "-------- Přeposlaná zpráva -------",
		"FORWARD_MESSAGE_TOP_SENT": "Odeslat",
		"EMPTY_TO_ERROR_DESC": "Zadejte prosím alespoň jednoho příjemce",
		"NO_ATTACHMENTS_HERE_DESC": "Žádné přílohy.",
		"ATTACHMENTS_ERROR_DESC": "Upozornění! Některé přílohy nebyly nahrány.",
		"ATTACHMENTS_UPLOAD_ERROR_DESC": "Některé přílohy ještě nebyly nahrány",
		"ALLOW_SPELLCHECK": "Povolit kontrolu pravopisu prohlížeče",
		"ALLOW_DRAFT_AUTOSAVE": "Automaticky uložit koncept",
		"BUTTON_REQUEST_READ_RECEIPT": "Vyžádat si potvrzení o přečtení",
		"BUTTON_MARK_AS_IMPORTANT": "Označit jako důležité",
		"BUTTON_REQUEST_DSN": "Vyžádat si potvrzení o přijetí",
		"BUTTON_REQUIRE_TLS": "Vyžadovat bezpečné doručení",
		"ERROR_EMPTY_BODY": "Tělo zprávy je prázdné"
	},
	"POPUPS_ASK": {
		"EXIT_ARE_YOU_SURE": "Opravdu chcete ukončit?",
		"DESC_WANT_CLOSE_THIS_WINDOW": "Opravdu chcete zavřít toto okno?",
		"DESC_WANT_DELETE_MESSAGES": "Opravdu chcete odstranit tyto zprávy?"
	},
	"POPUPS_LANGUAGES": {
		"TITLE_LANGUAGES": "Zvolte jazyk"
	},
	"POPUPS_ADD_ACCOUNT": {
		"TITLE_ADD_ACCOUNT": "Přidat účet",
		"BUTTON_ADD_ACCOUNT": "Přidat",
		"TITLE_UPDATE_ACCOUNT": "Upravit účet"
	},
	"POPUPS_IDENTITY": {
		"TITLE_ADD_IDENTITY": "Opravdu přidat",
		"TITLE_UPDATE_IDENTITY": "Uložit změny",
		"LABEL": "Štítek",
		"BUTTON_ADD_IDENTITY": "Přidat",
		"SIGNATURE": "Podpis",
		"LABEL_SIGNATURE_INSERT_BEFORE": "V odpovědích vložit podpis před citovaný text."
	},
	"POPUPS_CREATE_FOLDER": {
		"TITLE_CREATE_FOLDER": "Vytvořit složku",
		"LABEL_PARENT": "Nadřazená složka",
		"BUTTON_CREATE": "Vytvořit",
		"TITLE_CREATING_PROCESS": "Vytvářím složku"
	},
	"POPUPS_CLEAR_FOLDER": {
		"TITLE_CLEAR_FOLDER": "Odstranit všechny zprávy ve složce?",
		"DANGER_DESC_WARNING": "Upozornění!",
		"DANGER_DESC_HTML_1": "Chystáte se nenávratně odstranit všechny zprávy ze složky <strong>%FOLDER%<\/strong>.",
		"DANGER_DESC_HTML_2": "Tento proces není možné přerušit.",
		"TITLE_CLEARING_PROCESS": "Odstraňuje se složka..."
	},
	"CRYPTO": {
		"SIGN": "Podpis",
		"ENCRYPT": "Šifrování",
		"DECRYPT": "Dešifrovat",
		"VERIFY": "Ověřit",
		"GOOD_SIGNATURE": "Ověřený podpis od %USER%",
		"ERROR": "%TYPE% chyba: %ERROR%",
		"CREATE_SELF_SIGNED": "Vytvořit samopodepsaný",
		"VALID_UNTIL": "Platný do",
		"PRIVATE_KEY": "Soukromý klíč",
		"CHANGE_PASS": "Změnit heslo",
		"CURRENT_PASS": "Aktuální heslo",
		"NEW_PASS": "Nové heslo",
		"ASK_CRYPTKEY_PASS": "Vaše přihlašovací heslo se změnilo. Vyplňte prosím své staré přihlašovací heslo pro dešifrování dat"
	},
	"OPENPGP": {
		"POPUP_IMPORT_TITLE": "Import OpenPGP klíče",
		"POPUP_IMPORT_BUTTON": "Import",
		"POPUP_VIEW_TITLE": "Zobrazit OpenPGP klíč",
		"POPUP_VIEW_BUTTON": "Vybrat",
		"POPUP_GENERATE_TITLE": "Generovat OpenPGP klíče",
		"POPUP_GENERATE_BUTTON": "Generovat",
		"LABEL_KEY_TYPE": "Typ",
		"SIGNED_MESSAGE": "Zpráva podepsaná OpenPGP",
		"ENCRYPTED_MESSAGE": "Zpráva šifrovaná OpenPGP",
		"STORE_IN_GNUPG": "Uložit na server v GnuPG",
		"STORE_PUBLIC_KEY_IN_GNUPG": "Uložit veřejný klíč na server v GnuPG",
		"STORE_PRIVATE_KEY_IN_GNUPG": "Uložit soukromý klíč na server v GnuPG",
		"BACKUP_ON_SERVER": "Uložit (šifrované) na server",
		"BACKUP_PUBLIC_KEY_ON_SERVER": "Zálohovat veřejný klíč na server",
		"BACKUP_PRIVATE_KEY_ON_SERVER": "Zálohovat soukromý klíč na server"
	},
	"SMIME": {
		"POPUP_IMPORT_TITLE": "Import S\/MIME certifikátu",
		"CERTIFICATE": "Certifikát",
		"CERTIFICATES": "S\/MIME certifikáty",
		"SIGNED_MESSAGE": "Zpráva podepsaná S\/MIME",
		"ENCRYPTED_MESSAGE": "Zpráva šifrovaná S\/MIME",
		"PRIVATE_KEY_OF": "Soukromý klíč S\/MIME pro %EMAIL%"
	},
	"POPUPS_FILTER": {
		"TITLE_CREATE_FILTER": "Vytvořit filtr",
		"TITLE_EDIT_FILTER": "Změnit filtr",
		"LEGEND_CONDITIONS": "Podmínka",
		"LEGEND_ACTIONS": "Akce",
		"BUTTON_ADD_CONDITION": "Přidat podmínku",
		"SELECT_ACTION_MOVE_TO": "Přesunout do",
		"SELECT_ACTION_FORWARD_TO": "Přesměrovat do",
		"SELECT_ACTION_REJECT": "Odmítnout",
		"SELECT_ACTION_VACATION_MESSAGE": "Odpověď v nepřítomnosti",
		"SELECT_ACTION_DISCARD": "Zahodit",
		"SELECT_FIELD_RECIPIENTS": "Příjemci (Komu nebo Kopie)",
		"SELECT_FIELD_HEADER": "Hlavička",
		"SELECT_FIELD_BODY": "Tělo",
		"SELECT_FIELD_SIZE": "Velikost",
		"SELECT_TYPE_CONTAINS": "Obsahuje",
		"SELECT_TYPE_NOT_CONTAINS": "Neobsahuje",
		"SELECT_TYPE_MATCHES": "Odpovídá (můžete použít * a ? )",
		"SELECT_TYPE_NOT_MATCHES": "Neodpovídá (můžete použít * a ? )",
		"SELECT_TYPE_REGEXP": "Regulární výraz",
		"SELECT_TYPE_NOT_REGEXP": "Není regulární výraz",
		"SELECT_TYPE_EQUAL_TO": "Rovná se",
		"SELECT_TYPE_NOT_EQUAL_TO": "Nerovná se",
		"SELECT_TYPE_OVER": "Více než",
		"SELECT_TYPE_UNDER": "Méně než",
		"SELECT_TYPE_TEXT": "Text",
		"SELECT_TYPE_RAW": "Raw",
		"SELECT_MATCH_ANY": "Vyhovuje alespoň jednomu pravidlu",
		"SELECT_MATCH_ALL": "Vyhovuje všem pravidlům",
		"MARK_AS_READ_LABEL": "Označit jako přečtené",
		"REPLY_INTERVAL_LABEL": "Interval odpovědi (dny)",
		"KEEP_LABEL": "Zachovat",
		"STOP_LABEL": "Zastavit další zpracování pravidel",
		"VACATION_SUBJECT_LABEL": "Předmět (volitelný)",
		"VACATION_MESSAGE_LABEL": "Zpráva",
		"VACATION_RECIPIENTS_LABEL": "Příjemci (odděleni čárkou)",
		"REJECT_MESSAGE_LABEL": "Odmítnout zprávu",
		"ALL_INCOMING_MESSAGES_DESC": "Všechny příchozí zprávy"
	},
	"POPUPS_SIEVE_SCRIPT": {
		"TITLE_CREATE": "Vytvořit skript",
		"TITLE_EDIT": "Upravit skript",
		"BUTTON_ADD_FILTER": "Přidat filtr",
		"BUTTON_RAW_SCRIPT": "Použít vlastní uživatelský skript",
		"CAPABILITY_LABEL": "Schopnost",
		"CHANGES_NEED_TO_BE_SAVED_DESC": "Tyto změny musí být uloženy na server."
	},
	"POPUPS_SYSTEM_FOLDERS": {
		"TITLE_SYSTEM_FOLDERS": "Spravovat systémové složky",
		"SELECT_CHOOSE_ONE": "Vybrat",
		"SELECT_UNUSE_NAME": "Nepoužívat",
		"NOTIFICATION_SENT": "Nevybrali jste systémovou složku \"Odeslané\" kam budou uložené zprávy po jejich odeslání.\nPokud nechcete ukládat odeslané zprávy, vyberete možnost \"Nepoužívat\".\n",
		"NOTIFICATION_DRAFTS": "Nevybrali jste systémovou složku pro \"Koncepty\" kam jsou ukládány zprávy během jejich psaní.",
		"NOTIFICATION_SPAM": "Nevybrali jste systémovou složku pro \"Spam\" kam je ukládána nevyžádaná pošta.\nPokud chcete tyto zprávy odstranit natrvalo, vyberte prosím možnost \"Nepoužívat\".\n",
		"NOTIFICATION_TRASH": "Nevybrali jste systémovou složku pro \"Koš\" kam jsou zprávy přesunuté pro jejich odstranění.\nPokud chcete zprávy odstranit natrvalo, vyberte prosím možnost \"Nepoužívat\".\n",
		"NOTIFICATION_ARCHIVE": "Nevybrali jste systémovou složku \"Archiv\", kam se ukládají archivované zprávy."
	},
	"TITLES": {
		"MAILBOX": "Schránka zpráv",
		"SETTINGS": "Nastavení"
	},
	"UPLOAD": {
		"ERROR_FILE_IS_TOO_BIG": "Soubor je příliš velký.",
		"ERROR_FILE_PARTIALLY_UPLOADED": "Z důvodu neznámé chyby byl soubor nahrán jen částečně",
		"ERROR_NO_FILE_UPLOADED": "Soubor nebyl nahrán",
		"ERROR_MISSING_TEMP_FOLDER": "Chybí dočasný soubor",
		"ERROR_ON_SAVING_FILE": "Nastala neznámá chyba při ukládání",
		"ERROR_FILE_TYPE": "Neplatný typ souboru",
		"ERROR_UNKNOWN": "Nastala neznámá chyba při nahrávání"
	},
	"EDITOR": {
		"PLAIN": "HTML <-> TEXT",
		"SOURCE": "HTML <-> ZDROJ",
		"FONTFAMILY": "Rodina písma",
		"FONTSIZE": "Velikost písma",
		"DIR": "Směr textu",
		"DIR_LTR": "Zleva doprava",
		"DIR_RTL": "Zprava doleva",
		"DIR_AUTO": "Automaticky",
		"TEXTCOLOR": "Barva textu",
		"BACKGROUNDCOLOR": "Barva pozadí",
		"BOLD": "Tučné",
		"ITALIC": "Kurzíva",
		"UNDERLINE": "Podtržení",
		"STRIKE": "Přeškrtnutí",
		"SUB": "Dolní index",
		"SUP": "Horní index",
		"OL": "Číslovaný seznam",
		"UL": "Nečíslovaný seznam",
		"QUOTE": "Citace",
		"INDENTDECREASE": "Zmenšit odsazení",
		"INDENTINCREASE": "Zvětšit odsazení",
		"LINK": "Odkaz",
		"IMAGEURL": "URL obrázku",
		"IMAGEUPLOAD": "Výběr obrázku",
		"UNDO": "Zpět",
		"REDO": "Znovu",
		"REMOVESTYLE": "Odstranit styl"
	},
	"SETTINGS_LABELS": {
		"GENERAL": "Všeobecné",
		"CONTACTS": "Kontakty",
		"FOLDERS": "Složky",
		"ACCOUNTS": "Účty",
		"FILTERS": "Filtry",
		"SECURITY": "Zabezpečení",
		"THEMES": "Motivy"
	},
	"SETTINGS_FILTERS": {
		"SIMPLE": "Jednoduché",
		"ADVANCED": "Pokročilé",
		"BUTTON_ADD_SCRIPT": "Přidat skript",
		"SUBNAME_MOVE_TO": "Přesunout do \"%FOLDER%\"",
		"SUBNAME_FORWARD_TO": "Přeposlat to \"%EMAIL%\"",
		"SUBNAME_REJECT": "Odmítnout",
		"SUBNAME_VACATION_MESSAGE": "Odpověď v nepřítomnosti",
		"SUBNAME_DISCARD": "Zahodit"
	},
	"SETTINGS_SECURITY": {
		"LEGEND_SECURITY": "Zabezpečení",
		"LABEL_AUTOLOGOUT": "Automatické odhlášení",
		"FORGET_KEY_PASS": "Zapomenout heslo k soukromému klíči",
		"NEVER": "Nikdy"
	},
	"SETTINGS_GENERAL": {
		"LANGUAGE": "Jazyk",
		"HOUR_FORMAT": "Formát času",
		"IDENTITY": "Uživatel",
		"LAYOUT": "Rozložení",
		"LAYOUT_NO_SPLIT": "Nerozdělovat",
		"LAYOUT_VERTICAL_SPLIT": "Vertikální rozdělení",
		"LAYOUT_HORIZONTAL_SPLIT": "Horizontální rozdělení",
		"SHOW_NEXT_MESSAGE": "Zobrazit další zprávu při přesunutí/odstranění aktuální zprávy",
		"EDITOR": "Přednastavený editor zpráv",
		"EDITOR_HTML": "Html",
		"EDITOR_PLAIN": "Text",
		"VIEW_OPTIONS": "Možnosti zobrazení",
		"USE_PREVIEW_PANE": "Používat panel rychlého zobrazení",
		"HIDE_DELETED_MESSAGES": "Skrýt zprávy označené ke smazání",
		"USE_CHECKBOXES_IN_LIST": "Zobrazení zaškrtávacích políček v seznamu",
		"USE_THREADS": "Zobrazit jako konverzace",
		"THREAD_ALGORITHM": "Algoritmus konverzací",
		"REPLY_SAME_FOLDER": "Ukládat odpovědi do složky se zprávou, které se týkají",
		"PREFER_HTML": "Upřednostnit HTML před prostým textem",
		"PREFER_HTML_INFO": "Zprávy někdy přicházejí v obou formátech. Tato volba určuje, zda chcete zobrazit HTML část nebo prostý text.",
		"REMOVE_COLORS": "Odstranit barvy pozadí a textu z těla zprávy",
		"ALLOW_STYLES": "Povolit CSS styly",
		"MESSAGE_PER_PAGE": "Zpráv na stranu",
		"CHECK_MAIL_INTERVAL": "Interval kontroly pošty",
		"MARK_MESSAGE_READ_AFTER": "Označit zprávu jako přečtenou po",
		"MSG_DEFAULT_ACTION": "Výchozí akce",
		"SECONDS": "sekund",
		"MINUTES": "minut",
		"NOTIFICATIONS": "Notifikace",
		"SOUND_NOTIFICATION": "Zvukové notifikace",
		"CHROME_NOTIFICATION_DESC": "Zobrazovat upozornění na nové zprávy",
		"CHROME_NOTIFICATION_DESC_DENIED": "(Zablokované prohlížečem)",
		"COLLAPSE_BLOCKQUOTES": "Sbalit citovaný text",
		"MAX_QUOTE_LEVEL": "Maximální počet úrovní zobrazených citací",
		"LIST_INLINE_ATTACHMENTS": "Zobrazit vložené přílohy v seznamu",
		"LIST_SIMPLE_ATTACHMENTS": "Jednoduchý seznam příloh",
		"LIST_MESSAGES_GROUPED": "Seskupit zprávy v seznamu (při řazení podle data nebo odesílatele)",
		"EXTERNAL_IMAGES": "Externí obrázky",
		"IMAGES_OPTION_ASK": "Vždy se zeptat",
		"IMAGES_OPTION_WHITELIST": "Seznam povolených nebo se zeptat",
		"IMAGES_OPTION_ALWAYS": "Vždy zobrazit",
		"IMAGES_WHITELIST": "Seznam povolených obrázků",
		"MESSAGE_POPUP_WINDOW": "Otevřít zprávu v novém okně místo záložky",
		"MAILTO": "Registrovat jako výchozí program pro 'mailto:' odkazy",
		"HTML_TO_MD": "Převést HTML na Markdown místo prostého textu"
	},
	"SETTINGS_CONTACTS": {
		"LABEL_CONTACTS_AUTOSAVE": "Automaticky přidávat adresy příjemců do Adresáře",
		"LEGEND_CONTACTS_SYNC": "Vzdálená synchronizace (CardDAV)",
		"LABEL_CONTACTS_SYNC_ENABLE": "Povolit vzdálenou synchronizaci",
		"LABEL_CONTACTS_SYNC_SERVER": "Server",
		"LABEL_CONTACTS_SYNC_AB_URL": "URL adresáře",
		"LABEL_CONTACTS_SYNC_USER": "Uživatel",
		"SYNC_READ": "Pouze pro čtení"
	},
	"SETTINGS_THEMES": {
		"LEGEND_THEMES": "Motivy",
		"LABEL_BACKGROUND": "Pozadí",
		"LABEL_FONTS": "Písma",
		"BUTTON_UPLOAD_BACKGROUND_IMAGE": "Nahrát obrázek pozadí (JPG, PNG)",
		"ERROR_FILE_IS_TOO_BIG": "Soubor je příliš velký",
		"ERROR_FILE_TYPE_ERROR": "Nesprávný typ souboru (povolené jsou pouze JPG a PNG)",
		"ERROR_UNKNOWN": "Nastala neznámá chyba při nahrávání souboru"
	},
	"SETTINGS_FOLDERS": {
		"LEGEND_FOLDERS": "Seznam složek",
		"BUTTON_CREATE": "Vytvořit složku",
		"BUTTON_SYSTEM": "Systémové složky",
		"BUTTON_SUBSCRIBE": "Přihlásit se",
		"BUTTON_UNSUBSCRIBE": "Odhlásit se",
		"LOADING_PROCESS": "Aktualizuji seznam složek",
		"CREATING_PROCESS": "Vytvářím složku",
		"DELETING_PROCESS": "Odstraňuji složku",
		"RENAMING_PROCESS": "Přejmenovávám složku",
		"TO_MANY_FOLDERS_DESC_1": "Máte moc složek!",
		"TO_MANY_FOLDERS_DESC_2": "Můžeme zobrazit jen část z nich, abychom zabránili problémům s výkonem.",
		"HELP_DELETE_FOLDER": "Smazat složku",
		"HELP_SHOW_HIDE_FOLDER": "Zobrazit\/skrýt složku",
		"HELP_CHECK_FOR_NEW_MESSAGES": "Kontrovat nové příchozí zprávy",
		"HIDE_UNSUBSCRIBED": "Skrýt neodebírané složky",
		"UNHIDE_KOLAB_FOLDERS": "Zobrazit Kolab složky",
		"TYPE_CALENDAR": "Kalendář",
		"TYPE_CONFIGURATION": "Konfigurace",
		"TYPE_CONTACTS": "Kontakty",
		"TYPE_FILES": "Soubory",
		"TYPE_JOURNAL": "Deník",
		"TYPE_NOTES": "Poznámky",
		"TYPE_TASKS": "Úkoly"
	},
	"SETTINGS_ACCOUNTS": {
		"LEGEND_ACCOUNTS": "Seznam účtů",
		"LEGEND_IDENTITIES": "Aliasy",
		"LEGEND_ACCOUNTS_AND_IDENTITIES": "Účty a aliasy",
		"BUTTON_ADD_ACCOUNT": "Přidat účet",
		"BUTTON_ADD_IDENTITY": "Přidat alias",
		"LOADING_PROCESS": "Aktualizuji seznam účtů",
		"SHOW_UNREAD": "Zobrazit počet nepřečtených zpráv"
	},
	"SETTINGS_OPENPGP": {
		"BUTTON_IMPORT_KEY": "Importovat klíč",
		"BUTTON_GENERATE_KEY_PAIR": "Generovat klíče",
		"IMPORT_FROM_SERVER": "Importovat ze serveru",
		"TITLE_PRIVATE": "Soukromý",
		"TITLE_PUBLIC": "Veřejný",
		"GET_MAILVELOPE": "Získat rozšíření Mailvelope pro prohlížeč"
	},
	"SHORTCUTS_HELP": {
		"LEGEND_SHORTCUTS_HELP": "Klávesové zkratky",
		"TAB_MAILBOX": "Schránka",
		"TAB_MESSAGE_LIST": "Seznam zpráv",
		"TAB_MESSAGE_VIEW": "Detail zprávy",
		"TAB_COMPOSE": "Napsat",
		"LABEL_OPEN_USER_DROPDOWN": "Otevřít nabídku uživatele",
		"LABEL_REPLY": "Odpovědět",
		"LABEL_REPLY_ALL": "Odpovědět všem",
		"LABEL_FORWARD": "Přeposlat",
		"LABEL_FORWARD_MULTIPLY": "Přeposlat jako přílohu",
		"LABEL_CHECK_ALL": "Zjistit nové zprávy",
		"LABEL_DELETE": "Smazat",
		"LABEL_OPEN_THREAD": "Otevřít označenou konverzaci",
		"LABEL_MOVE": "Přesunout",
		"LABEL_READ": "Označit vybrané zprávy jako přečtené",
		"LABEL_UNREAD": "Označit vybrané zprávy jako nepřečtené",
		"LABEL_IMPORTANT": "Označit vybrané zprávy jako důležité",
		"LABEL_CANCEL_SEARCH": "Zrušit hledání",
		"LABEL_FULLSCREEN_ENTER": "Celoobrazovkové rozložení (náhled)",
		"LABEL_VIEW_MESSAGE_ENTER": "Zobrazit zprávu (bez náhledu)",
		"LABEL_SWITCH_TO_MESSAGE": "Zobrazit vybranou zprávu",
		"LABEL_SWITCH_TO_FOLDER_LIST": "Skočit do panelu adresářů",
		"LABEL_FULLSCREEN_TOGGLE": "Přepnout režim celé obrazovky",
		"LABEL_BLOCKQUOTES_TOGGLE": "Přepnout zobrazení přiložených zpráv",
		"LABEL_THREAD_NEXT": "Následující zpráva ve vlákně",
		"LABEL_THREAD_PREV": "Předchozí zpráva ve vlákně",
		"LABEL_EXIT_FULLSCREEN": "Ukončit režim celé obrazovky",
		"LABEL_CLOSE_MESSAGE": "Zavřít zprávu (bez náhledu)",
		"LABEL_SWITCH_TO_LIST": "Vrátit se zpět do seznamu zpráv",
		"LABEL_OPEN_COMPOSE_POPUP": "Nová zpráva v okně",
		"LABEL_MINIMIZE_COMPOSE_POPUP": "Minimalizovat otevřené okno",
		"LABEL_OPEN_IDENTITIES_DROPDOWN": "Otevřít seznam aliasů",
		"LABEL_SAVE_MESSAGE": "Uložit zprávu",
		"LABEL_SEND_MESSAGE": "Odeslat zprávu",
		"LABEL_CLOSE_COMPOSE": "Zavřít okno se zprávou"
	},
	"NOTIFICATIONS": {
		"RequestError": "Požadavek selhal",
		"RequestAborted": "Požadavek byl zrušen",
		"RequestTimeout": "Časový limit požadavku vypršel",
		"InvalidToken": "Neplatný token",
		"AuthError": "Ověření selhalo",
		"ConnectionError": "Nepodařilo se připojit k serveru",
		"DomainAlreadyExists": "Tato doména již existuje",
		"DomainNotAllowed": "Doména není povolená",
		"AccountNotAllowed": "Účet není povolený",
		"CryptKeyError": "Vaše přihlašovací heslo se změnilo",
		"ContactsSyncError": "Chyba při synchronizaci kontaktů",
		"CantGetMessageList": "Chyba při vytváření seznamu zpráv",
		"CantGetMessage": "Zprávu se nepodařilo načíst",
		"CantDeleteMessage": "Zprávu se nepodařilo odstranit",
		"CantCopyMessage": "Zprávu se nepodařilo zkopírovat",
		"CantMoveMessage": "Zprávu se nepodařilo přesunout",
		"CantSaveMessage": "Zprávu se nepodařilo uložit",
		"CantSendMessage": "Zprávu se nepodařilo odeslat",
		"InvalidRecipients": "Neplatní příjemci",
		"CantSaveFilters": "Nelze uložit filtry",
		"CantGetFilters": "Nelze načíst filtry",
		"CantActivateFiltersScript": "Nelze aktivovat skript filtrů",
		"CantDeleteFiltersScript": "Nelze odstranit skript filtrů",
		"FiltersAreNotCorrect": "Filtry nejsou validní",
		"CantCreateFolder": "Složku se nepodařilo vytvořit",
		"CantRenameFolder": "Složku se nepodařilo přejmenovat",
		"CantDeleteFolder": "Složku se nepodařilo odstranit",
		"CantDeleteNonEmptyFolder": "Nelze odstranit neprázdnou složku",
		"CantSubscribeFolder": "Nelze přihlásit adresář",
		"CantUnsubscribeFolder": "Nelze odhlásit adresář",
		"DemoSendMessageError": "Z důvodu bezpečnosti tento demo účet není oprávněn posílat zprávy na externí emaily!",
		"DemoAccountError": "Z důvodu bezpečnosti tento účet nemá oprávnění toto provést!",
		"AccountAlreadyExists": "Účet už existuje",
		"AccountDoesNotExist": "Účet neexistuje",
		"AccountSwitchFailed": "Přepnutí na účet \"%EMAIL%\" selhalo",
		"MailServerError": "Nastala chyba během přístupu na poštovní server",
		"InvalidInputArgument": "Nevalidní vstupní argument",
		"UnknownError": "Neznámá chyba"
	}
}
