{
	"BACK_LINK": "重新載入",
	"NO_SCRIPT_TITLE": "此應用程式需要 JavaScript。",
	"NO_SCRIPT_DESC": "此瀏覽器不支援 JavaScript。\n請啟用瀏覽器的 JavaScript，然後重新嘗試。\n",
	"NO_COOKIE_TITLE": "此應用程式需要 Cookies。",
	"NO_COOKIE_DESC": "此瀏覽器不支援 Cookies。\n請啟用瀏覽器的 Cookies，然後重新嘗試。\n",
	"BAD_BROWSER_TITLE": "此瀏覽器已過時",
	"BAD_BROWSER_DESC": "為使應用程式的全部功能執行正常，\n請下載並安裝下列其中一款瀏覽器：\n"
}
