{
	"BACK_LINK": "Презареди",
	"NO_SCRIPT_TITLE": "За това приложение е необходим JavaScript.",
	"NO_SCRIPT_DESC": "Поддръжката на JavaScript не е налична във вашия браузър.\nМоля, разрешете поддръжката на JavaScript в настройките на вашия браузър и опитайте отново.\n",
	"NO_COOKIE_TITLE": "За това приложение е необходимо да се поддъжат Бисквитки.",
	"NO_COOKIE_DESC": "Поддръжката на Бисквитки не е налична във вашия браузър.\nМоля, разрешете поддръжката на Бисквитки в настройките на вашия браузър и опитайте отново.\n",
	"BAD_BROWSER_TITLE": "Вашият браузър е остарял.",
	"BAD_BROWSER_DESC": "За да използвате всички функции на приложението,\nизтеглете и инсталирайте един от тези браузъри:\n"
}
