{
	"LANG_DIR": "ltr",
	"GLOBAL": {
		"TO_ARCHIVE": "Архивиране",
		"ARE_YOU_SURE": "Сигурни ли си?",
		"BACK": "Назад",
		"BCC": "Скрито копие до",
		"CANCEL": "Отказ",
		"CC": "Копие до",
		"CLEAR": "Изчисти",
		"CLOSE": "Затваряне (Esc)",
		"CONTACTS": "Контакти",
		"DELETE": "Изтрий",
		"UNDELETE": "Undelete",
		"DONE": "Готово",
		"EMAIL": "Акаунт",
		"FROM": "От",
		"LOADING": "Зареждане...",
		"LOGOUT": "Изход",
		"MORE": "Още",
		"MOVE_TO": "Премести в",
		"COPY_TO": "Копирай в",
		"NAME": "Вх. кутия",
		"NONE": "Няма",
		"TO_SPAM": "Move message(s) to Spam",
		"NOT_SPAM": "Не е спам",
		"USERNAME": "Потребителско име",
		"PASSWORD": "Парола",
		"REMEMBER": "Remember",
		"REPLY_TO": "Отговори на",
		"SAVE": "Запази",
		"SAVE_CHANGES": "Save changes?",
		"SEARCH": "Не са намерени контакти",
		"SPAM": "Спам",
		"SUBJECT": "Заглавие",
		"TEST": "Тест",
		"TO": "До",
		"SERVER_MESSAGE": "Server message",
		"YES": "Да",
		"NO": "Не",
		"INACTIVE": "Inactive",
		"DEFAULT": "по подразбиране",
		"HELP": "Помощ",
		"TEXT": "Текст",
		"ATTACHMENTS": "Прикрепени файлове"
	},
	"LOGIN": {
		"LABEL_LOGIN": "Логин",
		"LABEL_SIGN_ME": "Впиши ме",
		"BUTTON_SIGN_IN": "Вход"
	},
	"TOP_TOOLBAR": {
		"BUTTON_ADD_ACCOUNT": "Добави акаунт"
	},
	"SEARCH": {
		"TITLE_ADV": "Разширено търсене",
		"TEXT": "Текст",
		"HAS_ATTACHMENT": "Има приложен файл",
		"FLAGGED": "Отбелязано с флаг",
		"UNSEEN": "Невидяно",
		"DATE": "Дата",
		"DATE_ALL": "Всички",
		"BEFORE_3_DAYS": "Older then 3 days",
		"BEFORE_7_DAYS": "Older then 1 week",
		"BEFORE_MONTH": "Older then 1 month",
		"BEFORE_3_MONTHS": "Older then 3 months",
		"BEFORE_6_MONTHS": "Older then 6 months",
		"BEFORE_YEAR": "Older then 1 year",
		"SINCE_3_DAYS": "До 3 дена",
		"SINCE_7_DAYS": "До 1 седмица",
		"SINCE_MONTH": "До 1 месец",
		"SINCE_3_MONTHS": "До 3 месеца",
		"SINCE_6_MONTHS": "До 6 месеца",
		"SINCE_YEAR": "До 1 година",
		"SUBFOLDERS": "Subfolders",
		"SUBFOLDERS_NONE": "None",
		"SUBFOLDERS_SUBTREE": "All",
		"SUBFOLDERS_SUBTREE_ONE": "One level",
		"REPLIED": "Отговорено",
		"KEYWORD": "Tag"
	},
	"FOLDER_LIST": {
		"BUTTON_COMPOSE": "Създай",
		"BUTTON_NEW_MESSAGE": "Ново съобщение",
		"INBOX_NAME": "Вх. кутия",
		"SENT_NAME": "Изпратени",
		"DRAFTS_NAME": "Чернови",
		"TRASH_NAME": "Кошче",
		"ARCHIVE_NAME": "Архив"
	},
	"IMAP": {
		"ACL_RIGHTS": "Rights",
		"ACL_A": "Administer",
		"ACL_E": "Expunge",
		"ACL_I": "Insert messages",
		"ACL_K": "Create sub-folders",
		"ACL_L": "Show messages",
		"ACL_P": "Send mail",
		"ACL_R": "Select folder",
		"ACL_S": "\\SEEN tag",
		"ACL_T": "\\DELETED tag",
		"ACL_W": "Other tags",
		"ACL_X": "Delete\/Rename folder"
	},
	"MESSAGE_LIST": {
		"BUTTON_RELOAD": "Презареди списъка със съобщения",
		"BUTTON_EMPTY_FOLDER": "Изчисти папката",
		"BUTTON_MULTY_FORWARD": "Препрати като прикачен\/и файл\/ове",
		"BUTTON_DELETE_WITHOUT_MOVE": "Изтриване завинаги",
		"MENU_SET_SEEN": "Маркирай като прочетено",
		"MENU_SET_ALL_SEEN": "Маркирай всички като прочетени",
		"MENU_UNSET_SEEN": "Маркиране като непрочетено",
		"MENU_SET_FLAG": "Отбележи с флаг",
		"MENU_UNSET_FLAG": "Премахни флага",
		"MENU_SELECT_ALL": "Всичко",
		"MENU_SELECT_INVERT": "Размени",
		"MENU_SELECT_UNSEEN": "Непрочетени",
		"MENU_SELECT_SEEN": "Прочетени",
		"MENU_SELECT_FLAGGED": "Маркирани с флаг",
		"MENU_SELECT_UNFLAGGED": "С премахнат флаг",
		"DOWNLOAD_ALL_ATTACHMENTS": "Download all attachments",
		"EMPTY_LIST": "Празен списък.",
		"EMPTY_SEARCH_LIST": "Няма съобщения, които да отговарят на търсенето.",
		"SEARCH_RESULT_FOR": "Резултати от търсенето за \"%SEARCH%\"",
		"BACK_TO_MESSAGE_LIST": "Обратно при съобщенията",
		"PUT_MESSAGE_HERE": "Пуснете съобщението тук, за да го видите в списъка",
		"TODAY_AT": "днес в %TIME%",
		"YESTERDAY_AT": "вчера в %TIME%",
		"NEW_MESSAGE_NOTIFICATION": "Имате %COUNT% нови съобщения!",
		"QUOTA_SIZE": "Използване на <strong>%SIZE% (%PROC%%)<\/strong> от вашите <strong>%LIMIT%<\/strong>",
		"SORT": "Sort",
		"NO_SORT": "Mail server does not support sorting",
		"SORT_ARRIVAL_ASC": "Arrived ascending",
		"SORT_ARRIVAL_DESC": "Arrived descending",
		"SORT_DATE_ASC": "Date ascending",
		"SORT_DATE_DESC": "Date descending",
		"SORT_SIZE_ASC": "Size ascending",
		"SORT_SIZE_DESC": "Size descending",
		"SORT_SUBJECT_ASC": "Subject A-Z",
		"SORT_SUBJECT_DESC": "Subject Z-A",
		"SORT_FROM_ASC": "From A-Z",
		"SORT_FROM_DESC": "From Z-A"
	},
	"MESSAGE": {
		"BUTTON_EDIT": "Редактирай",
		"BUTTON_UNSUBSCRIBE": "Отписване от този лист",
		"BUTTON_REPLY": "Отговори",
		"BUTTON_REPLY_ALL": "Отговори на всички",
		"BUTTON_FORWARD": "Препрати",
		"BUTTON_FORWARD_AS_ATTACHMENT": "Препрати като прикрепен файл",
		"BUTTON_EDIT_AS_NEW": "Редактирай като ново",
		"BUTTON_SHOW_IMAGES": "Показване на външните изображения",
		"BUTTON_NOTIFY_READ_RECEIPT": "Изпращачът е помолил да бъде уведомен, когато прочетете това съобщение.",
		"BUTTON_IN_NEW_WINDOW": "Прегледай в отделен прозорец",
		"BUTTON_THREAD_LIST": "Списък с разговори",
		"BUTTON_THREAD_PREV": "Предишно",
		"BUTTON_THREAD_NEXT": "Следващо",
		"BUTTON_THREAD_MORE": "Още съобщения",
		"MENU_HEADERS": "Покажи хедъра на съобщението",
		"MENU_VIEW_ORIGINAL": "Покажи източника",
		"HTML_VIEW": "View HTML message",
		"PLAIN_VIEW": "View plain text message",
		"SWAP_COLORS": "Swap default (background)color",
		"MENU_DOWNLOAD_ORIGINAL": "Изтегли като .eml файл",
		"MENU_FILTER_SIMILAR": "Филтрирай съобщения като това",
		"MENU_PRINT": "Принтирай",
		"EMPTY_SUBJECT_TEXT": "(Няма заглавие)",
		"LABEL_DATE": "Дата",
		"LABEL_FROM_SHORT": "от",
		"LABEL_TO_SHORT": "до",
		"PRINT_LABEL_ATTACHMENTS": "Прикрепени файлове",
		"MESSAGE_VIEW_DESC": "Изберете съобщение, за да го видите тук.",
		"MESSAGE_VIEW_MOVE_DESC": "Изберете цел от папките в лявото поле",
		"LINK_DOWNLOAD_AS_ZIP": "Свали като ZIP файл",
		"SPAM_SCORE": "Spam Score",
		"HAS_VIRUS_WARNING": "WARNING: virus detected",
		"TAGS": "Tags",
		"NEW_TAG": "New tag",
		"ENABLE_TRACKING_LINKS": "Enable tracking links",
		"TRACKING_ENABLED": "Links are now tracked when clicked!"
	},
	"MESSAGE_TAGS": {
		"$important": "Important",
		"$todo": "To Do",
		"$label1": "Important",
		"$label2": "Work",
		"$label3": "Personal",
		"$label4": "To Do",
		"$label5": "Later"
	},
	"READ_RECEIPT": {
		"SUBJECT": "Обратна разписка (видяно) - %SUBJECT%",
		"BODY": "Това е обратна разписка за съобщението, което изпратихте до %READ-RECEIPT%.\n\nNote: Тази обратна разписка само указва, че съобщението е показано на компютъра на получателя.\nНяма гаранция, че получателят е прочел или разбрал съдържанието на съобщението.\n"
	},
	"SUGGESTIONS": {
		"SEARCHING_DESC": "Търсене..."
	},
	"CONTACTS": {
		"TAB_CONTACT": "Contact",
		"TAB_LOCATIONS": "Locations",
		"TAB_BUSINESS": "Business",
		"LABEL_ORGANIZATION": "Organization",
		"LABEL_DEPARTMENT": "Department",
		"LABEL_TITLE": "Title",
		"TAB_CRYPTO": "Crypto",
		"ASK": "Ask",
		"NEVER": "Never",
		"ALWAYS": "Always",
		"ALWAYS_IF_POSSIBLE": "Always if possible",
		"BUTTON_ADD_CONTACT": "Добави контакт",
		"BUTTON_CREATE_CONTACT": "Създай",
		"BUTTON_IMPORT": "Импортирай (csv, vcf, vCard)",
		"BUTTON_EXPORT_VCARD": "Експортирай (vcf, vCard)",
		"BUTTON_EXPORT_CSV": "Експортирай (csv)",
		"ERROR_IMPORT_FILE": "Грешка при импортирането (невалиден формат на файла)",
		"EMPTY_LIST": "Тук няма контакти",
		"EMPTY_SEARCH": "Не са намерени контакти",
		"CLEAR_SEARCH": "Изчистване на търсенето",
		"CONTACT_VIEW_DESC": "Изберете контакт от списъка, за да го видите тук.",
		"LABEL_BIRTHDAY": "Рожден ден",
		"DISPLAY_NAME": "Въвеждете името, което ще се показва",
		"LAST_NAME": "Фамилия",
		"FIRST_NAME": "Име",
		"MIDDLE_NAME": "Middle name",
		"NAME_PREFIX": "Name prefix",
		"NAME_SUFFIX": "Name suffix",
		"NICK_NAME": "Прякор",
		"LABEL_READ_ONLY": "Само за четене",
		"ADD_MENU_LABEL": "Добави",
		"ADD_MENU_NICKNAME": "Прякор",
		"ADD_MENU_NOTE": "Бележки",
		"ADD_MENU_PHONE": "Телефон",
		"ADD_MENU_URL": "URL",
		"ADD_MENU_ADDRESS": "Адрес",
		"ADD_MENU_BIRTHDAY": "Рожден ден",
		"ADD_MENU_TAGS": "Етикети",
		"BUTTON_SHARE_ALL": "Всички",
		"BUTTON_SYNC": "Синхронизация (CardDAV)",
		"SEND_TO_ALL_CONTACT_EMAILS": "Send to all contact emails"
	},
	"COMPOSE": {
		"LINK_SHOW_INPUTS": "покажи всички полета",
		"BUTTON_SEND": "Изпрати",
		"BUTTON_MINIMIZE": "Свий прозореца",
		"SAVED_TIME": "Запазено в %TIME%",
		"SAVED_ERROR_ON_SEND": "Съобщението беше изпратено, но не беше запазено в папката с изпратени съобщения",
		"DISCARD_UNSAVED_DATA": "Изтрий незапаметеното?",
		"ATTACH_FILES": "Прикрепете файлове",
		"ATTACH_DROP_FILES_DESC": "Пуснете файловете тук",
		"REPLY_MESSAGE_TITLE": "%DATETIME%, %EMAIL% написа",
		"FORWARD_MESSAGE_TOP_TITLE": "-------- Препратено съобщение -------",
		"FORWARD_MESSAGE_TOP_SENT": "Изпратено",
		"EMPTY_TO_ERROR_DESC": "Моля, изберте поне един получател",
		"NO_ATTACHMENTS_HERE_DESC": "Няма прикрепени файлове.",
		"ATTACHMENTS_ERROR_DESC": "Внимание! Не всички прикачени файлове са качени.",
		"ATTACHMENTS_UPLOAD_ERROR_DESC": "Все още не са качени всички прикрепени файлове",
		"ALLOW_SPELLCHECK": "Enable browser spelling checker",
		"ALLOW_DRAFT_AUTOSAVE": "Автоматично запазване на чернова",
		"BUTTON_REQUEST_READ_RECEIPT": "Поискайте разписка за прочитане на съобщението",
		"BUTTON_MARK_AS_IMPORTANT": "Отбележи като важно",
		"BUTTON_REQUEST_DSN": "Уведомяване при доставка",
		"BUTTON_REQUIRE_TLS": "Require secure delivery",
		"ERROR_EMPTY_BODY": "Message body is empty"
	},
	"POPUPS_ASK": {
		"EXIT_ARE_YOU_SURE": "Are you sure you want to exit?",
		"DESC_WANT_CLOSE_THIS_WINDOW": "Сигурни ли сте, че желаете да затворите този прозорец?",
		"DESC_WANT_DELETE_MESSAGES": "Сигурни ли сте, че желаете да изтриете съобщението\/съобщенията?"
	},
	"POPUPS_LANGUAGES": {
		"TITLE_LANGUAGES": "Избери език"
	},
	"POPUPS_ADD_ACCOUNT": {
		"TITLE_ADD_ACCOUNT": "Добавяне на акаунт",
		"BUTTON_ADD_ACCOUNT": "Добави",
		"TITLE_UPDATE_ACCOUNT": "Обнови акаунта"
	},
	"POPUPS_IDENTITY": {
		"TITLE_ADD_IDENTITY": "Добавяне на идентичност",
		"TITLE_UPDATE_IDENTITY": "Обновяване на идентичност",
		"LABEL": "Label",
		"BUTTON_ADD_IDENTITY": "Добавяне",
		"SIGNATURE": "Signature",
		"LABEL_SIGNATURE_INSERT_BEFORE": "Подписа да се поставя преди цитирания текст при отговор"
	},
	"POPUPS_CREATE_FOLDER": {
		"TITLE_CREATE_FOLDER": "Създаване на папка",
		"LABEL_PARENT": "Родителска папка",
		"BUTTON_CREATE": "Създай",
		"TITLE_CREATING_PROCESS": "Създаване на папка"
	},
	"POPUPS_CLEAR_FOLDER": {
		"TITLE_CLEAR_FOLDER": "Прочистване на всички съобщения от папката?",
		"DANGER_DESC_WARNING": "Внимание!",
		"DANGER_DESC_HTML_1": "Това действие ще доведе до премахването на всички мейли от папката <strong>%FOLDER%<\/strong>.",
		"DANGER_DESC_HTML_2": "Веднъж започнат, този процес не може да бъде прекратен или отказан.",
		"TITLE_CLEARING_PROCESS": "Прочистване на папката..."
	},
	"CRYPTO": {
		"SIGN": "Подпиши",
		"ENCRYPT": "Шифровай",
		"DECRYPT": "Дешифрирай",
		"VERIFY": "Verify",
		"GOOD_SIGNATURE": "Валиден подпис за %USER%",
		"ERROR": "%TYPE% грешка: %ERROR%",
		"CREATE_SELF_SIGNED": "Create self-signed",
		"VALID_UNTIL": "Valid until",
		"PRIVATE_KEY": "Private key",
		"CHANGE_PASS": "Change passphrase",
		"CURRENT_PASS": "Current passphrase",
		"NEW_PASS": "New passphrase",
		"ASK_CRYPTKEY_PASS": "Your login passphrase has changed. Please fill in your old login passphrase to decrypt data"
	},
	"OPENPGP": {
		"POPUP_IMPORT_TITLE": "Внасяне на OpenPGP ключ",
		"POPUP_IMPORT_BUTTON": "Внеси",
		"POPUP_VIEW_TITLE": "Виж OpenPGP ключа",
		"POPUP_VIEW_BUTTON": "Избери",
		"POPUP_GENERATE_TITLE": "Създаване на OpenPGP ключове",
		"POPUP_GENERATE_BUTTON": "Създай",
		"LABEL_KEY_TYPE": "Type",
		"SIGNED_MESSAGE": "Подписано с OpenPGP",
		"ENCRYPTED_MESSAGE": "Шифровано с OpenPGP",
		"STORE_IN_GNUPG": "Store on server in GnuPG",
		"STORE_PUBLIC_KEY_IN_GNUPG": "Store public key on server in GnuPG",
		"STORE_PRIVATE_KEY_IN_GNUPG": "Store private key on server in GnuPG",
		"BACKUP_ON_SERVER": "Store (encrypted) on server",
		"BACKUP_PUBLIC_KEY_ON_SERVER": "Backup public key on server",
		"BACKUP_PRIVATE_KEY_ON_SERVER": "Backup private key on server"
	},
	"SMIME": {
		"POPUP_IMPORT_TITLE": "Import S\/MIME certificate",
		"CERTIFICATE": "Certificate",
		"CERTIFICATES": "S\/MIME Certificates",
		"SIGNED_MESSAGE": "Подписано с S\/MIME",
		"ENCRYPTED_MESSAGE": "Шифровано с S\/MIME",
		"PRIVATE_KEY_OF": "S\/MIME private key of %EMAIL%"
	},
	"POPUPS_FILTER": {
		"TITLE_CREATE_FILTER": "Създай филтър",
		"TITLE_EDIT_FILTER": "Обнови филтъра",
		"LEGEND_CONDITIONS": "Условия",
		"LEGEND_ACTIONS": "Действия",
		"BUTTON_ADD_CONDITION": "Добави условие",
		"SELECT_ACTION_MOVE_TO": "Премести в",
		"SELECT_ACTION_FORWARD_TO": "Препрати към",
		"SELECT_ACTION_REJECT": "Отхвърли",
		"SELECT_ACTION_VACATION_MESSAGE": "Съобщение в отпуска",
		"SELECT_ACTION_DISCARD": "Отхвърли",
		"SELECT_FIELD_RECIPIENTS": "Получатели (\"До\" и \"Копие до\")",
		"SELECT_FIELD_HEADER": "Заглавие",
		"SELECT_FIELD_BODY": "Body",
		"SELECT_FIELD_SIZE": "Размер",
		"SELECT_TYPE_CONTAINS": "Съдържа",
		"SELECT_TYPE_NOT_CONTAINS": "Не съдържа",
		"SELECT_TYPE_MATCHES": "Съвпада с (поддържат се ? и *)",
		"SELECT_TYPE_NOT_MATCHES": "Не съвпада с (поддържат се ? и *)",
		"SELECT_TYPE_REGEXP": "Регулярен израз",
		"SELECT_TYPE_NOT_REGEXP": "Не регулярен израз",
		"SELECT_TYPE_EQUAL_TO": "Равно на",
		"SELECT_TYPE_NOT_EQUAL_TO": "Не е равно на",
		"SELECT_TYPE_OVER": "Над",
		"SELECT_TYPE_UNDER": "Под",
		"SELECT_TYPE_TEXT": "Text",
		"SELECT_TYPE_RAW": "Raw",
		"SELECT_MATCH_ANY": "Съвпада с КОЕТО И ДА Е правило от",
		"SELECT_MATCH_ALL": "Съвпада с ВСИЧКИ правила от",
		"MARK_AS_READ_LABEL": "Отбележи като прочетено",
		"REPLY_INTERVAL_LABEL": "За колко време (дни)",
		"KEEP_LABEL": "Запази",
		"STOP_LABEL": "Stop further processing of rules",
		"VACATION_SUBJECT_LABEL": "Тема (незадължително)",
		"VACATION_MESSAGE_LABEL": "Съобщение",
		"VACATION_RECIPIENTS_LABEL": "Получатели (разделени със запетая)",
		"REJECT_MESSAGE_LABEL": "Отхвърли съобщението",
		"ALL_INCOMING_MESSAGES_DESC": "Всички пристигащи съобщения"
	},
	"POPUPS_SIEVE_SCRIPT": {
		"TITLE_CREATE": "Create Script",
		"TITLE_EDIT": "Edit Script",
		"BUTTON_ADD_FILTER": "Add a Filter",
		"BUTTON_RAW_SCRIPT": "Use Custom User Script",
		"CAPABILITY_LABEL": "Capabilities",
		"CHANGES_NEED_TO_BE_SAVED_DESC": "These changes need to be saved to the server."
	},
	"POPUPS_SYSTEM_FOLDERS": {
		"TITLE_SYSTEM_FOLDERS": "Избери системни папки",
		"SELECT_CHOOSE_ONE": "Избери един",
		"SELECT_UNUSE_NAME": "Не използвай",
		"NOTIFICATION_SENT": "Не сте избрали системна папка, в която изпратените съобщения \"Изпратени\" да бъдат съхранявани след изпращането им.\nАко нежелаете да запазвате изпратено съобщение, моля, изберете опцията \"Не използвай\".\n",
		"NOTIFICATION_DRAFTS": "Не сте избрали системна папка, в която съобщенията \"Чернови\" да бъдат съхранявани по време на съставянето на имейл.",
		"NOTIFICATION_SPAM": "Не сте избрали системна папка, в която съобщенията \"Спам\" да бъдат поставяни.\nАко желаете да премахнете съобщенията окончателно, моля, изберете опцята \"Не използвай\".\n",
		"NOTIFICATION_TRASH": "Не сте избрали системна папка, в която изтритите съобщения \"Отпадък\" да бъдат поставяни.\nАко желаете да премахнете съобщенията окончателно, моля изберете опцията \"Не използвай\".\n",
		"NOTIFICATION_ARCHIVE": "Не сте избрали истемна папка, в която архивираните съобщения \"Архив\" да бъдат поставяни."
	},
	"TITLES": {
		"MAILBOX": "Пощенска кутия",
		"SETTINGS": "Настройки"
	},
	"UPLOAD": {
		"ERROR_FILE_IS_TOO_BIG": "Файлът е твърде голям",
		"ERROR_FILE_PARTIALLY_UPLOADED": "Файлът е частично качен поради неизвестна грешка",
		"ERROR_NO_FILE_UPLOADED": "Няма качен файл",
		"ERROR_MISSING_TEMP_FOLDER": "Временният файл липсва",
		"ERROR_ON_SAVING_FILE": "Възникна неизвестна грешка при записването на файла",
		"ERROR_FILE_TYPE": "Невалиден тип на файла",
		"ERROR_UNKNOWN": "Възникна неизвестна грешка при качването на файла"
	},
	"EDITOR": {
		"PLAIN": "HTML <-> ТЕКСТ",
		"SOURCE": "HTML <-> SOURCE",
		"FONTFAMILY": "Font family",
		"FONTSIZE": "Font size",
		"DIR": "Text direction",
		"DIR_LTR": "Left to right",
		"DIR_RTL": "Right to left",
		"DIR_AUTO": "Automatic",
		"TEXTCOLOR": "Text color",
		"BACKGROUNDCOLOR": "Background color",
		"BOLD": "Bold",
		"ITALIC": "Italic",
		"UNDERLINE": "Underline",
		"STRIKE": "Strikethrough",
		"SUB": "Subscript",
		"SUP": "Superscript",
		"OL": "Ordered list",
		"UL": "Unordered list",
		"QUOTE": "Blockquote",
		"INDENTDECREASE": "Decrease indent",
		"INDENTINCREASE": "Increase indent",
		"LINK": "Link",
		"IMAGEURL": "Image URL",
		"IMAGEUPLOAD": "Image select",
		"UNDO": "Undo",
		"REDO": "Redo",
		"REMOVESTYLE": "Remove style"
	},
	"SETTINGS_LABELS": {
		"GENERAL": "Общи",
		"CONTACTS": "Контакти",
		"FOLDERS": "Папки",
		"ACCOUNTS": "Акаунти",
		"FILTERS": "Филтри",
		"SECURITY": "Сигурност",
		"THEMES": "Теми"
	},
	"SETTINGS_FILTERS": {
		"SIMPLE": "Simple",
		"ADVANCED": "Advanced",
		"BUTTON_ADD_SCRIPT": "Add a Script",
		"SUBNAME_MOVE_TO": "Премести в \"%FOLDER%\"",
		"SUBNAME_FORWARD_TO": "Препрати към \"%EMAIL%\"",
		"SUBNAME_REJECT": "Откажи",
		"SUBNAME_VACATION_MESSAGE": "Съобщение в отпуска",
		"SUBNAME_DISCARD": "Отхвърли"
	},
	"SETTINGS_SECURITY": {
		"LEGEND_SECURITY": "Сигурност",
		"LABEL_AUTOLOGOUT": "Автоматично излизане",
		"FORGET_KEY_PASS": "Forget private key passphrase",
		"NEVER": "Никога"
	},
	"SETTINGS_GENERAL": {
		"LANGUAGE": "Език",
		"HOUR_FORMAT": "Hour format",
		"IDENTITY": "Идентичност",
		"LAYOUT": "Стил",
		"LAYOUT_NO_SPLIT": "Не разделяй",
		"LAYOUT_VERTICAL_SPLIT": "Вертикално разделяне",
		"LAYOUT_HORIZONTAL_SPLIT": "Хоризонтално разделяне",
		"SHOW_NEXT_MESSAGE": "Show next message when (re)move current message",
		"EDITOR": "Текстов редактор по подразбиране",
		"EDITOR_HTML": "HTML",
		"EDITOR_PLAIN": "Чист текст",
		"VIEW_OPTIONS": "Настройки на изгледа",
		"USE_PREVIEW_PANE": "Използвай поле за преглед",
		"HIDE_DELETED_MESSAGES": "Скриване на съобщенията, маркирани за изтриване",
		"USE_CHECKBOXES_IN_LIST": "Показавай отметките в списъка",
		"USE_THREADS": "Използвай групиране на съобщенията",
		"THREAD_ALGORITHM": "Threads algorithm",
		"REPLY_SAME_FOLDER": "Постави отговорите с папката на отговаряното съобщение",
		"PREFER_HTML": "Prefer HTML to plain text",
		"PREFER_HTML_INFO": "Messages sometimes come in both formats. This option controls whether you want the HTML part or the plain text part to be displayed.",
		"REMOVE_COLORS": "Remove background and text colors from message body",
		"ALLOW_STYLES": "Allow <style> CSS",
		"MESSAGE_PER_PAGE": "Съобщения на страница",
		"CHECK_MAIL_INTERVAL": "Check mail interval",
		"MARK_MESSAGE_READ_AFTER": "Mark message as read after",
		"MSG_DEFAULT_ACTION": "Default action",
		"SECONDS": "seconds",
		"MINUTES": "minutes",
		"NOTIFICATIONS": "Известия",
		"SOUND_NOTIFICATION": "Звуково известяване",
		"CHROME_NOTIFICATION_DESC": "Покажи известие при ново съобщение",
		"CHROME_NOTIFICATION_DESC_DENIED": "(Блокирано от браузъра)",
		"COLLAPSE_BLOCKQUOTES": "Collapse quoted text",
		"MAX_QUOTE_LEVEL": "Maximum visible quoted text levels",
		"LIST_INLINE_ATTACHMENTS": "Show inline attachments in list",
		"LIST_SIMPLE_ATTACHMENTS": "Simple attachments list",
		"LIST_MESSAGES_GROUPED": "List messages grouped (when sorting by date or from)",
		"EXTERNAL_IMAGES": "External images",
		"IMAGES_OPTION_ASK": "Always ask",
		"IMAGES_OPTION_WHITELIST": "Whitelist or ask",
		"IMAGES_OPTION_ALWAYS": "Show always",
		"IMAGES_WHITELIST": "Images whitelist",
		"MESSAGE_POPUP_WINDOW": "Popup in new window instead of tab",
		"MAILTO": "Register as 'mailto:' links handler",
		"HTML_TO_MD": "Convert HTML to Markdown instead of plain text"
	},
	"SETTINGS_CONTACTS": {
		"LABEL_CONTACTS_AUTOSAVE": "Автоматично добавяне на получателите към адресната ви книга",
		"LEGEND_CONTACTS_SYNC": "Отдалечено синхронизиране (CardDAV)",
		"LABEL_CONTACTS_SYNC_ENABLE": "Разрешаване на отдалечено синхронизиране",
		"LABEL_CONTACTS_SYNC_SERVER": "Сървър",
		"LABEL_CONTACTS_SYNC_AB_URL": "URL на адресната книга",
		"LABEL_CONTACTS_SYNC_USER": "Потребител",
		"SYNC_READ": "Read only"
	},
	"SETTINGS_THEMES": {
		"LEGEND_THEMES": "Теми",
		"LABEL_BACKGROUND": "Фон",
		"LABEL_FONTS": "Fonts",
		"BUTTON_UPLOAD_BACKGROUND_IMAGE": "Качи снимка за фон (JPG, PNG)",
		"ERROR_FILE_IS_TOO_BIG": "Файла е прекалено голям",
		"ERROR_FILE_TYPE_ERROR": "Невалиден тип (Само JPG или PNG)",
		"ERROR_UNKNOWN": "Възникна неизвестна грешка при качването на файла"
	},
	"SETTINGS_FOLDERS": {
		"LEGEND_FOLDERS": "Списък с папки",
		"BUTTON_CREATE": "Създай папка",
		"BUTTON_SYSTEM": "Системни папки",
		"BUTTON_SUBSCRIBE": "Абонирай се",
		"BUTTON_UNSUBSCRIBE": "Отписване",
		"LOADING_PROCESS": "Обнови списъка с папки",
		"CREATING_PROCESS": "Създаване на папка",
		"DELETING_PROCESS": "Изтриване на папка",
		"RENAMING_PROCESS": "Преименуване на папка",
		"TO_MANY_FOLDERS_DESC_1": "Имате прекалено много папки!",
		"TO_MANY_FOLDERS_DESC_2": "Ще се показват само част от тях, за да се избегнат проблеми с производителността.",
		"HELP_DELETE_FOLDER": "Изтрий папка",
		"HELP_SHOW_HIDE_FOLDER": "Покажи\/скрий папка",
		"HELP_CHECK_FOR_NEW_MESSAGES": "Провери за нови съобщения",
		"HIDE_UNSUBSCRIBED": "Hide unsubscribed folders",
		"UNHIDE_KOLAB_FOLDERS": "Unhide Kolab folders",
		"TYPE_CALENDAR": "Calendar",
		"TYPE_CONFIGURATION": "Configuration",
		"TYPE_CONTACTS": "Contacts",
		"TYPE_FILES": "Files",
		"TYPE_JOURNAL": "Journal",
		"TYPE_NOTES": "Notes",
		"TYPE_TASKS": "Tasks"
	},
	"SETTINGS_ACCOUNTS": {
		"LEGEND_ACCOUNTS": "Списък с акаунти",
		"LEGEND_IDENTITIES": "Идентичности",
		"LEGEND_ACCOUNTS_AND_IDENTITIES": "Акаунти и идентичности",
		"BUTTON_ADD_ACCOUNT": "Добавяне на акаунт",
		"BUTTON_ADD_IDENTITY": "Добавяне на идентичност",
		"LOADING_PROCESS": "Обновяване на списъка с акаунти",
		"SHOW_UNREAD": "Show unread messages count"
	},
	"SETTINGS_OPENPGP": {
		"BUTTON_IMPORT_KEY": "Внеси ключ",
		"BUTTON_GENERATE_KEY_PAIR": "Генерирай ключ",
		"IMPORT_FROM_SERVER": "Import from server",
		"TITLE_PRIVATE": "Частен",
		"TITLE_PUBLIC": "Публичен",
		"GET_MAILVELOPE": "Get Mailvelope browser add-on."
	},
	"SHORTCUTS_HELP": {
		"LEGEND_SHORTCUTS_HELP": "Помощ за клавишните комбинации",
		"TAB_MAILBOX": "Пощенска кутия",
		"TAB_MESSAGE_LIST": "Списък със съобщения",
		"TAB_MESSAGE_VIEW": "Изглед на съобщение",
		"TAB_COMPOSE": "Писане",
		"LABEL_OPEN_USER_DROPDOWN": "Отваряне на падащото меню за потребители",
		"LABEL_REPLY": "Отговори",
		"LABEL_REPLY_ALL": "Отговори до всички",
		"LABEL_FORWARD": "Препрати",
		"LABEL_FORWARD_MULTIPLY": "Препрати като прикачен файл",
		"LABEL_CHECK_ALL": "Провери всички съобщения",
		"LABEL_DELETE": "Изтрий",
		"LABEL_OPEN_THREAD": "Отвори избраната нишка",
		"LABEL_MOVE": "Премести",
		"LABEL_READ": "Прочети избраните съобщения",
		"LABEL_UNREAD": "Маркирай като непрочетени избраните съобщения",
		"LABEL_IMPORTANT": "Важно, отбележи със флаг избраните съобщения",
		"LABEL_CANCEL_SEARCH": "Отказ от търсенето",
		"LABEL_FULLSCREEN_ENTER": "Цял екран (Изглед за преглед)",
		"LABEL_VIEW_MESSAGE_ENTER": "Преглед на съобщението (без изглед за преглед)",
		"LABEL_SWITCH_TO_MESSAGE": "Превключи фокуса върху избраното съобщение",
		"LABEL_SWITCH_TO_FOLDER_LIST": "Превключи фокуса върху списъка с папки",
		"LABEL_FULLSCREEN_TOGGLE": "Превключи на режим на цял екран",
		"LABEL_BLOCKQUOTES_TOGGLE": "Включи цитатите в съобщението",
		"LABEL_THREAD_NEXT": "Следващо съобщение в групираните",
		"LABEL_THREAD_PREV": "Предно съобщение в групираните",
		"LABEL_EXIT_FULLSCREEN": "Излез от режим на цял екран",
		"LABEL_CLOSE_MESSAGE": "Затвори съобщението (Няма изглед за преглед)",
		"LABEL_SWITCH_TO_LIST": "Превключи фокуса обратно към списъка със съобщения",
		"LABEL_OPEN_COMPOSE_POPUP": "Отвори прозорец за писане",
		"LABEL_MINIMIZE_COMPOSE_POPUP": "Намали прозореца за писане",
		"LABEL_OPEN_IDENTITIES_DROPDOWN": "отвори падащото меню с идентичности",
		"LABEL_SAVE_MESSAGE": "Запази съобщението",
		"LABEL_SEND_MESSAGE": "Изпрати съобщението",
		"LABEL_CLOSE_COMPOSE": "Затвори създаването"
	},
	"NOTIFICATIONS": {
		"RequestError": "Request failed",
		"RequestAborted": "Request is aborted",
		"RequestTimeout": "Request timed out",
		"InvalidToken": "Невалиден токен",
		"AuthError": "Неуспешно удостоверяване",
		"ConnectionError": "Не може да се свърже със сървъра",
		"DomainAlreadyExists": "Домейна вече съществува",
		"DomainNotAllowed": "Този домейн не е разрешен",
		"AccountNotAllowed": "Този акаунт не е разрешен",
		"CryptKeyError": "Your login passphrase has changed",
		"ContactsSyncError": "Грешка при синхронизацията",
		"CantGetMessageList": "Не може да се изтегли списъка със съобщения",
		"CantGetMessage": "Не може да се изтегли съобщението",
		"CantDeleteMessage": "Не може да се изтрие съобщението",
		"CantCopyMessage": "Can't copy message",
		"CantMoveMessage": "Не може да се премести съобщението",
		"CantSaveMessage": "Не може да се запамети съобщението",
		"CantSendMessage": "Не може да се изпрати съобщението",
		"InvalidRecipients": "Невалидни получатели",
		"CantSaveFilters": "Не може да се запаметят филтрите",
		"CantGetFilters": "Не могат да се изтеглят филтрите",
		"CantActivateFiltersScript": "Can't activate filters script",
		"CantDeleteFiltersScript": "Can't delete filters script",
		"FiltersAreNotCorrect": "Грешни филтри",
		"CantCreateFolder": "Не може да се създаде папка",
		"CantRenameFolder": "Не може да се преименува папка",
		"CantDeleteFolder": "Не може да се изтрие папка",
		"CantDeleteNonEmptyFolder": "Не може да се изтрие папка, която не е празна",
		"CantSubscribeFolder": "Не може да се абонира за папка",
		"CantUnsubscribeFolder": "Не може да се махне абонамента за папка",
		"DemoSendMessageError": "С цел сугурност, на този акаунт е забранено да изпраща съобщения до външни email адреси!",
		"DemoAccountError": "С цел сигурност, това действие не е разрешено за този акаунт!",
		"AccountAlreadyExists": "Акаунта вече съществува",
		"AccountDoesNotExist": "Акаунта не съществува",
		"AccountSwitchFailed": "Switch to account \"%EMAIL%\" failed",
		"MailServerError": "Възникна грешка при комуникацията с пощенския сървър",
		"InvalidInputArgument": "Невалидни входни аргументи",
		"UnknownError": "Неизвестна грешка"
	}
}
