{
	"BACK_LINK": "Абнавіць",
	"NO_SCRIPT_TITLE": "Для працы праграмы неабходны JavaScript.",
	"NO_SCRIPT_DESC": "Відавочна, JavaScript альбо не патрымліваецца вашым браўзэрам, альбо адключаны.\nУключыце JavaScript, змяніўшы налады браўзэру, затым паспрабуйце знову.\n",
	"NO_COOKIE_TITLE": "Для працы праграмы неабходны Cookie.",
	"NO_COOKIE_DESC": "Відавочна, Cookie альбо не падтрымліваюцца вашым браўзэрам, альбо адключаны.\nУключыце Cookie, змяніўшы налады браўзэру, затым паспрабуйце знову.\n",
	"BAD_BROWSER_TITLE": "Ваш браўзэр састарэлы.",
	"BAD_BROWSER_DESC": "Каб выкарыстоўваць усе магчымасці праграмы,\nспампуйце і ўсталюйце адзін з гэтых браўзэраў\n"
}
