{
    "LANGS_NAMES": {
        "id": "Bahasa Indonesia",
        "cs": "Čeština",
        "da": "Dansk",
        "de": "Deutsch",
        "et": "Eesti",
        "en": "English",
        "en-CA": "English (Canada)",
        "en-GB": "English (Great Britain)",
        "en-US": "English (United States)",
        "es": "Español",
        "es-LA": "Español (América Latina)",
        "eo": "Esperanto",
        "eu": "Euskara",
        "fr": "Français",
        "fr-CA": "Français (Canada)",
        "is": "Íslenska",
        "it": "Italiano",
        "lv": "Latviešu",
        "lt": "Lietuvių",
        "hu": "Magyar",
        "nl": "Nederlands",
        "nb": "Norsk (bokmål)",
        "pl": "Polski",
        "pt": "Português",
        "pt-BR": "Português (Brasil)",
        "ro": "Română",
        "sk": "Slovenčina",
        "sl": "Slovenščina",
        "fi": "Suomi",
        "sv": "Svenska",
        "vi": "Tiếng Việt",
        "tr": "Türkçe",
        "el": "Ελληνικά",
        "be": "Беларуская",
        "bg": "Български",
        "ru": "Русский",
        "uk": "Українська",
        "ar": "‏العربية‏",
        "fa": "‏فارسی‏",
        "th": "ภาษาไทย",
        "ko": "한국어",
        "ja": "日本語",
        "zh": "简体中文",
        "zh-TW": "繁體中文(台灣)",
        "zh-HK": "繁體中文(香港)"
    },
    "LANGS_NAMES_EN": {
        "ab": "Abkhazian",
        "aa": "Afar",
        "af": "Afrikaans",
        "ak": "Akan",
        "sq": "Albanian",
        "am": "Amharic",
        "ar": "Arabic",
        "an": "Aragonese",
        "hy": "Armenian",
        "as": "Assamese",
        "av": "Avaric",
        "ae": "Avestan",
        "ay": "Aymara",
        "az": "Azerbaijani",
        "bm": "Bambara",
        "ba": "Bashkir",
        "eu": "Basque",
        "be": "Belarusian",
        "bn": "Bengali",
        "bi": "Bislama",
        "bs": "Bosnian",
        "br": "Breton",
        "bg": "Bulgarian",
        "my": "Burmese",
        "ca": "Catalan",
        "km": "Central Khmer",
        "ch": "Chamorro",
        "ce": "Chechen",
        "ny": "Chichewa",
        "zh": "Chinese Simplified (China)",
        "zh-HK": "Chinese Traditional (Hong Kong)",
        "zh-TW": "Chinese Traditional (Taiwan)",
        "cu": "Church Slavonic",
        "cv": "Chuvash",
        "kw": "Cornish",
        "co": "Corsican",
        "cr": "Cree",
        "hr": "Croatian",
        "cs": "Czech",
        "da": "Danish",
        "dv": "Divehi",
        "nl": "Dutch",
        "dz": "Dzongkha",
        "en": "English",
        "en-CA": "English (Canada)",
        "en-GB": "English (Great Britain)",
        "en-US": "English (United States)",
        "eo": "Esperanto",
        "et": "Estonian",
        "ee": "Ewe",
        "fo": "Faroese",
        "fj": "Fijian",
        "fi": "Finnish",
        "fr": "French",
        "fr-CA": "French (Canada)",
        "ff": "Fulah",
        "gd": "Gaelic",
        "gl": "Galician",
        "lg": "Ganda",
        "ka": "Georgian",
        "de": "German",
        "el": "Greek",
        "gn": "Guarani",
        "gu": "Gujarati",
        "ht": "Haitian",
        "ha": "Hausa",
        "he": "Hebrew",
        "hz": "Herero",
        "hi": "Hindi",
        "ho": "Hiri Motu",
        "hu": "Hungarian",
        "is": "Icelandic",
        "io": "Ido",
        "ig": "Igbo",
        "id": "Indonesian",
        "ia": "Interlingua",
        "ie": "Interlingue",
        "iu": "Inuktitut",
        "ik": "Inupiaq",
        "ga": "Irish",
        "it": "Italian",
        "ja": "Japanese",
        "jv": "Javanese",
        "kl": "Kalaallisut",
        "kn": "Kannada",
        "kr": "Kanuri",
        "ks": "Kashmiri",
        "kk": "Kazakh",
        "ki": "Kikuyu",
        "rw": "Kinyarwanda",
        "ky": "Kirghiz",
        "kv": "Komi",
        "kg": "Kongo",
        "ko": "Korean",
        "kj": "Kuanyama",
        "ku": "Kurdish",
        "lo": "Lao",
        "la": "Latin",
        "lv": "Latvian",
        "li": "Limburgan",
        "ln": "Lingala",
        "lt": "Lithuanian",
        "lu": "Luba-Katanga",
        "lb": "Luxembourgish",
        "mk": "Macedonian",
        "mg": "Malagasy",
        "ms": "Malay",
        "ml": "Malayalam",
        "mt": "Maltese",
        "gv": "Manx",
        "mi": "Maori",
        "mr": "Marathi",
        "mh": "Marshallese",
        "mn": "Mongolian",
        "na": "Nauru",
        "nv": "Navajo",
        "ng": "Ndonga",
        "ne": "Nepali",
        "nd": "North Ndebele",
        "se": "Northern Sami",
        "no": "Norwegian",
        "nb": "Norwegian Bokmål",
        "nn": "Norwegian Nynorsk",
        "oc": "Occitan",
        "oj": "Ojibwa",
        "or": "Oriya",
        "om": "Oromo",
        "os": "Ossetian",
        "pi": "Pali",
        "ps": "Pashto",
        "fa": "Persian",
        "pl": "Polish",
        "pt": "Portuguese",
        "pt-BR": "Portuguese (Brazil)",
        "pa": "Punjabi",
        "qu": "Quechua",
        "ro": "Romanian",
        "rm": "Romansh",
        "rn": "Rundi",
        "ru": "Russian",
        "sm": "Samoan",
        "sg": "Sango",
        "sa": "Sanskrit",
        "sc": "Sardinian",
        "sr": "Serbian",
        "sn": "Shona",
        "ii": "Sichuan Yi",
        "sd": "Sindhi",
        "si": "Sinhala",
        "sk": "Slovak",
        "sl": "Slovenian",
        "so": "Somali",
        "nr": "South Ndebele",
        "st": "Southern Sotho",
        "es": "Spanish",
        "es-LA": "Spanish (Latin America)",
        "su": "Sundanese",
        "sw": "Swahili",
        "ss": "Swati",
        "sv": "Swedish",
        "tl": "Tagalog",
        "ty": "Tahitian",
        "tg": "Tajik",
        "ta": "Tamil",
        "tt": "Tatar",
        "te": "Telugu",
        "th": "Thai",
        "bo": "Tibetan",
        "ti": "Tigrinya",
        "to": "Tonga",
        "ts": "Tsonga",
        "tn": "Tswana",
        "tr": "Turkish",
        "tk": "Turkmen",
        "tw": "Twi",
        "ug": "Uighur",
        "uk": "Ukrainian",
        "ur": "Urdu",
        "uz": "Uzbek",
        "ve": "Venda",
        "vi": "Vietnamese",
        "vo": "Volapük",
        "wa": "Walloon",
        "cy": "Welsh",
        "fy": "Western Frisian",
        "wo": "Wolof",
        "xh": "Xhosa",
        "yi": "Yiddish",
        "yo": "Yoruba",
        "za": "Zhuang",
        "zu": "Zulu"
    }
}